-- phpMyAdmin SQL Dump
-- version 4.8.5
-- https://www.phpmyadmin.net/
--
-- Host: 127.0.0.1
-- Generation Time: Aug 30, 2022 at 09:40 AM
-- Server version: 10.1.38-MariaDB
-- PHP Version: 5.6.40

SET SQL_MODE = "NO_AUTO_VALUE_ON_ZERO";
SET AUTOCOMMIT = 0;
START TRANSACTION;
SET time_zone = "+00:00";


/*!40101 SET @OLD_CHARACTER_SET_CLIENT=@@CHARACTER_SET_CLIENT */;
/*!40101 SET @OLD_CHARACTER_SET_RESULTS=@@CHARACTER_SET_RESULTS */;
/*!40101 SET @OLD_COLLATION_CONNECTION=@@COLLATION_CONNECTION */;
/*!40101 SET NAMES utf8mb4 */;

--
-- Database: `lebak_kreatif`
--

-- --------------------------------------------------------

--
-- Table structure for table `ci_sessions`
--

CREATE TABLE `ci_sessions` (
  `id` varchar(128) NOT NULL,
  `ip_address` varchar(45) NOT NULL,
  `timestamp` int(10) UNSIGNED NOT NULL DEFAULT '0',
  `data` blob NOT NULL
) ENGINE=InnoDB DEFAULT CHARSET=utf8mb4;

--
-- Dumping data for table `ci_sessions`
--

INSERT INTO `ci_sessions` (`id`, `ip_address`, `timestamp`, `data`) VALUES
('ueaf5bbts0b04idt7ugclbqrkaejqe5p', '::1', 1658114110, 0x5f5f63695f6c6173745f726567656e65726174657c693a313635383131333831323b7265646972656374696f6e7c4e3b5f5f4143544956455f53455353494f4e5f444154417c733a3235363a22323461366531396330366436663462353964386334343765336661633364323338313962306363653637353732303536623030336161613136636262316633386661306139396639336137313335363538623762633964653864613162653964333632373566373666303136373730326133363430303866303432383333306148496b5950635a746a596341383145612f6f48577a544c564137316836566c6e384b4c5348644c46556759703263354b68785332537a6c364837707753644a362b46655273434b394a317158787a516a6273484d556f6a65362b4a4578784e34677852716778303751646e5a6774516a7536474178644d69316e766f716e6f64223b),
('erd6c8rejpq7kqiufhkg2d1b4h1ro9tt', '::1', 1658114374, 0x5f5f63695f6c6173745f726567656e65726174657c693a313635383131343131363b7265646972656374696f6e7c4e3b5f5f4143544956455f53455353494f4e5f444154417c733a3235363a22323461366531396330366436663462353964386334343765336661633364323338313962306363653637353732303536623030336161613136636262316633386661306139396639336137313335363538623762633964653864613162653964333632373566373666303136373730326133363430303866303432383333306148496b5950635a746a596341383145612f6f48577a544c564137316836566c6e384b4c5348644c46556759703263354b68785332537a6c364837707753644a362b46655273434b394a317158787a516a6273484d556f6a65362b4a4578784e34677852716778303751646e5a6774516a7536474178644d69316e766f716e6f64223b),
('m90kptgt4egai22ghprjbc0c4ms47qcd', '::1', 1658114547, 0x5f5f63695f6c6173745f726567656e65726174657c693a313635383131343433383b7265646972656374696f6e7c4e3b5f5f4143544956455f53455353494f4e5f444154417c733a3235363a22323461366531396330366436663462353964386334343765336661633364323338313962306363653637353732303536623030336161613136636262316633386661306139396639336137313335363538623762633964653864613162653964333632373566373666303136373730326133363430303866303432383333306148496b5950635a746a596341383145612f6f48577a544c564137316836566c6e384b4c5348644c46556759703263354b68785332537a6c364837707753644a362b46655273434b394a317158787a516a6273484d556f6a65362b4a4578784e34677852716778303751646e5a6774516a7536474178644d69316e766f716e6f64223b),
('fmbc4qagmpmj4nv18jr4n30dcp9h2c4s', '::1', 1658116961, 0x5f5f63695f6c6173745f726567656e65726174657c693a313635383131363636313b7265646972656374696f6e7c4e3b5f5f4143544956455f53455353494f4e5f444154417c733a3235363a22323461366531396330366436663462353964386334343765336661633364323338313962306363653637353732303536623030336161613136636262316633386661306139396639336137313335363538623762633964653864613162653964333632373566373666303136373730326133363430303866303432383333306148496b5950635a746a596341383145612f6f48577a544c564137316836566c6e384b4c5348644c46556759703263354b68785332537a6c364837707753644a362b46655273434b394a317158787a516a6273484d556f6a65362b4a4578784e34677852716778303751646e5a6774516a7536474178644d69316e766f716e6f64223b),
('q6n6qco083agsot1pfpdhlvis1qnn3eq', '::1', 1658117138, 0x5f5f63695f6c6173745f726567656e65726174657c693a313635383131363936343b7265646972656374696f6e7c4e3b5f5f4143544956455f53455353494f4e5f444154417c733a3235363a223735646439323132363834623135396231636662633364386663613731333833616335623033373366323530396134646461353431383332336235363235393965306338633135356436303762373630306635323163373162663165643666326261376136373366346337313163636431636466626537353435383734373038556544307432715a6170395374346343644c46687849596a3949304f45486b374c676b304949317a55444571355741444844703155494a706e43636e38584f617a6437754f57696d554e4b46764d774a51632f6a7938703876684a4b6b7834646c7867465139783047343049374946693672767759745a536e4b735049633847223b),
('rvobl233ec1edhopv7omobqbm9v5oeg8', '::1', 1658119071, 0x5f5f63695f6c6173745f726567656e65726174657c693a313635383131383833393b7265646972656374696f6e7c4e3b5f5f4143544956455f53455353494f4e5f444154417c733a3235363a223735646439323132363834623135396231636662633364386663613731333833616335623033373366323530396134646461353431383332336235363235393965306338633135356436303762373630306635323163373162663165643666326261376136373366346337313163636431636466626537353435383734373038556544307432715a6170395374346343644c46687849596a3949304f45486b374c676b304949317a55444571355741444844703155494a706e43636e38584f617a6437754f57696d554e4b46764d774a51632f6a7938703876684a4b6b7834646c7867465139783047343049374946693672767759745a536e4b735049633847223b),
('4nto4tustsjs8ni4tcfm4eq9aktakji8', '::1', 1658119611, 0x5f5f63695f6c6173745f726567656e65726174657c693a313635383131393331323b7265646972656374696f6e7c4e3b5f5f4143544956455f53455353494f4e5f444154417c733a3235363a2234373330313964376136343836393433323162383166616235353138303632383964306634346530313230323938386136646665373363393936393366346537643732343432626434363330333265663262656265393864326332373162646464373863373930623231363831623138386638383862626262386435613233632b596936755550664e516c4d6b5442552f684746625874466c486b55503158756a5356434e713650747855766653312f4d695246746661447a613662746f637246302f33644a757867306d46785450776d412f68335849634255666d31764e3376764e2b54474547326267784a5a2b5a43587468425439793739464872324b42223b636172745f636f6e74656e74737c613a333a7b733a31303a22636172745f746f74616c223b643a3136353b733a31313a22746f74616c5f6974656d73223b643a313b733a33323a223334313733636233386630376638396464626562633261633931323833303366223b613a363a7b733a323a226964223b733a323a223330223b733a333a22717479223b643a313b733a353a227072696365223b643a3136353b733a343a226e616d65223b733a34303a22424154494b204c4542414b20436172756c756b20536172756e7475792050656d6461204c6562616b223b733a353a22726f776964223b733a33323a223334313733636233386630376638396464626562633261633931323833303366223b733a383a22737562746f74616c223b643a3136353b7d7d),
('egon2b5o36v8bglfg7ne5vs71ed4vtvf', '::1', 1658119899, 0x5f5f63695f6c6173745f726567656e65726174657c693a313635383131393631353b7265646972656374696f6e7c4e3b5f5f4143544956455f53455353494f4e5f444154417c733a3235363a2234373330313964376136343836393433323162383166616235353138303632383964306634346530313230323938386136646665373363393936393366346537643732343432626434363330333265663262656265393864326332373162646464373863373930623231363831623138386638383862626262386435613233632b596936755550664e516c4d6b5442552f684746625874466c486b55503158756a5356434e713650747855766653312f4d695246746661447a613662746f637246302f33644a757867306d46785450776d412f68335849634255666d31764e3376764e2b54474547326267784a5a2b5a43587468425439793739464872324b42223b636172745f636f6e74656e74737c613a333a7b733a31303a22636172745f746f74616c223b643a3136353b733a31313a22746f74616c5f6974656d73223b643a313b733a33323a223334313733636233386630376638396464626562633261633931323833303366223b613a363a7b733a323a226964223b733a323a223330223b733a333a22717479223b643a313b733a353a227072696365223b643a3136353b733a343a226e616d65223b733a34303a22424154494b204c4542414b20436172756c756b20536172756e7475792050656d6461204c6562616b223b733a353a22726f776964223b733a33323a223334313733636233386630376638396464626562633261633931323833303366223b733a383a22737562746f74616c223b643a3136353b7d7d),
('t93hdn8k1j80sf93vetlm694227efnkh', '::1', 1658120207, 0x5f5f63695f6c6173745f726567656e65726174657c693a313635383131393931373b7265646972656374696f6e7c4e3b5f5f4143544956455f53455353494f4e5f444154417c733a3235363a2234373330313964376136343836393433323162383166616235353138303632383964306634346530313230323938386136646665373363393936393366346537643732343432626434363330333265663262656265393864326332373162646464373863373930623231363831623138386638383862626262386435613233632b596936755550664e516c4d6b5442552f684746625874466c486b55503158756a5356434e713650747855766653312f4d695246746661447a613662746f637246302f33644a757867306d46785450776d412f68335849634255666d31764e3376764e2b54474547326267784a5a2b5a43587468425439793739464872324b42223b636172745f636f6e74656e74737c613a333a7b733a31303a22636172745f746f74616c223b643a3136353b733a31313a22746f74616c5f6974656d73223b643a313b733a33323a223334313733636233386630376638396464626562633261633931323833303366223b613a363a7b733a323a226964223b733a323a223330223b733a333a22717479223b643a313b733a353a227072696365223b643a3136353b733a343a226e616d65223b733a34303a22424154494b204c4542414b20436172756c756b20536172756e7475792050656d6461204c6562616b223b733a353a22726f776964223b733a33323a223334313733636233386630376638396464626562633261633931323833303366223b733a383a22737562746f74616c223b643a3136353b7d7d),
('3cofmhk84rlhnlkt0ijcimjeaavpg7ut', '::1', 1658120481, 0x5f5f63695f6c6173745f726567656e65726174657c693a313635383132303232313b7265646972656374696f6e7c4e3b5f5f4143544956455f53455353494f4e5f444154417c733a3235363a2234373330313964376136343836393433323162383166616235353138303632383964306634346530313230323938386136646665373363393936393366346537643732343432626434363330333265663262656265393864326332373162646464373863373930623231363831623138386638383862626262386435613233632b596936755550664e516c4d6b5442552f684746625874466c486b55503158756a5356434e713650747855766653312f4d695246746661447a613662746f637246302f33644a757867306d46785450776d412f68335849634255666d31764e3376764e2b54474547326267784a5a2b5a43587468425439793739464872324b42223b636172745f636f6e74656e74737c613a333a7b733a31303a22636172745f746f74616c223b643a3136353b733a31313a22746f74616c5f6974656d73223b643a313b733a33323a223334313733636233386630376638396464626562633261633931323833303366223b613a363a7b733a323a226964223b733a323a223330223b733a333a22717479223b643a313b733a353a227072696365223b643a3136353b733a343a226e616d65223b733a34303a22424154494b204c4542414b20436172756c756b20536172756e7475792050656d6461204c6562616b223b733a353a22726f776964223b733a33323a223334313733636233386630376638396464626562633261633931323833303366223b733a383a22737562746f74616c223b643a3136353b7d7d),
('5vo315nfvs3sv3ostaikr6gk68cug0mi', '::1', 1658121112, 0x5f5f63695f6c6173745f726567656e65726174657c693a313635383132303831343b7265646972656374696f6e7c4e3b5f5f4143544956455f53455353494f4e5f444154417c733a3235363a2230353737663434343265396634656438323362623231303130666232363334663031346538613039656135653163633564653565373839393730376265353561626635356138306438373833616132376636323834346335333935653632356530333431613335653862613564633438613937623163333064376465666431344f46593238394d57664e2f686c6869385a352f433869584a426f4264745a6d31305079776d324b5933773758546a3635686138526968417973356163503079424f3034453354466477496965574455753775594b386b425a645838376b756b326756593646414a51776c6d7768636f5742736834326a2b7943684d6170486945223b636172745f636f6e74656e74737c613a333a7b733a31303a22636172745f746f74616c223b643a3136353b733a31313a22746f74616c5f6974656d73223b643a313b733a33323a223334313733636233386630376638396464626562633261633931323833303366223b613a363a7b733a323a226964223b733a323a223330223b733a333a22717479223b643a313b733a353a227072696365223b643a3136353b733a343a226e616d65223b733a34303a22424154494b204c4542414b20436172756c756b20536172756e7475792050656d6461204c6562616b223b733a353a22726f776964223b733a33323a223334313733636233386630376638396464626562633261633931323833303366223b733a383a22737562746f74616c223b643a3136353b7d7d),
('3usqlbgmhl090c32as53h6lltt04544l', '::1', 1658121152, 0x5f5f63695f6c6173745f726567656e65726174657c693a313635383132313131353b7265646972656374696f6e7c4e3b5f5f4143544956455f53455353494f4e5f444154417c733a3235363a2230353737663434343265396634656438323362623231303130666232363334663031346538613039656135653163633564653565373839393730376265353561626635356138306438373833616132376636323834346335333935653632356530333431613335653862613564633438613937623163333064376465666431344f46593238394d57664e2f686c6869385a352f433869584a426f4264745a6d31305079776d324b5933773758546a3635686138526968417973356163503079424f3034453354466477496965574455753775594b386b425a645838376b756b326756593646414a51776c6d7768636f5742736834326a2b7943684d6170486945223b636172745f636f6e74656e74737c613a333a7b733a31303a22636172745f746f74616c223b643a3136353b733a31313a22746f74616c5f6974656d73223b643a313b733a33323a223334313733636233386630376638396464626562633261633931323833303366223b613a363a7b733a323a226964223b733a323a223330223b733a333a22717479223b643a313b733a353a227072696365223b643a3136353b733a343a226e616d65223b733a34303a22424154494b204c4542414b20436172756c756b20536172756e7475792050656d6461204c6562616b223b733a353a22726f776964223b733a33323a223334313733636233386630376638396464626562633261633931323833303366223b733a383a22737562746f74616c223b643a3136353b7d7d),
('1vnecdojep8kcpg7mv3i6igb20gr82hr', '::1', 1658121590, 0x5f5f63695f6c6173745f726567656e65726174657c693a313635383132313432333b7265646972656374696f6e7c4e3b5f5f4143544956455f53455353494f4e5f444154417c733a3235363a2230353737663434343265396634656438323362623231303130666232363334663031346538613039656135653163633564653565373839393730376265353561626635356138306438373833616132376636323834346335333935653632356530333431613335653862613564633438613937623163333064376465666431344f46593238394d57664e2f686c6869385a352f433869584a426f4264745a6d31305079776d324b5933773758546a3635686138526968417973356163503079424f3034453354466477496965574455753775594b386b425a645838376b756b326756593646414a51776c6d7768636f5742736834326a2b7943684d6170486945223b636172745f636f6e74656e74737c613a333a7b733a31303a22636172745f746f74616c223b643a3136353b733a31313a22746f74616c5f6974656d73223b643a313b733a33323a223334313733636233386630376638396464626562633261633931323833303366223b613a363a7b733a323a226964223b733a323a223330223b733a333a22717479223b643a313b733a353a227072696365223b643a3136353b733a343a226e616d65223b733a34303a22424154494b204c4542414b20436172756c756b20536172756e7475792050656d6461204c6562616b223b733a353a22726f776964223b733a33323a223334313733636233386630376638396464626562633261633931323833303366223b733a383a22737562746f74616c223b643a3136353b7d7d),
('g090jo2cn0h76nvvec5kc9t5qr5dedae', '::1', 1658122102, 0x5f5f63695f6c6173745f726567656e65726174657c693a313635383132313831343b7265646972656374696f6e7c4e3b5f5f4143544956455f53455353494f4e5f444154417c733a3235363a2230353737663434343265396634656438323362623231303130666232363334663031346538613039656135653163633564653565373839393730376265353561626635356138306438373833616132376636323834346335333935653632356530333431613335653862613564633438613937623163333064376465666431344f46593238394d57664e2f686c6869385a352f433869584a426f4264745a6d31305079776d324b5933773758546a3635686138526968417973356163503079424f3034453354466477496965574455753775594b386b425a645838376b756b326756593646414a51776c6d7768636f5742736834326a2b7943684d6170486945223b636172745f636f6e74656e74737c613a333a7b733a31303a22636172745f746f74616c223b643a3136353b733a31313a22746f74616c5f6974656d73223b643a313b733a33323a223334313733636233386630376638396464626562633261633931323833303366223b613a363a7b733a323a226964223b733a323a223330223b733a333a22717479223b643a313b733a353a227072696365223b643a3136353b733a343a226e616d65223b733a34303a22424154494b204c4542414b20436172756c756b20536172756e7475792050656d6461204c6562616b223b733a353a22726f776964223b733a33323a223334313733636233386630376638396464626562633261633931323833303366223b733a383a22737562746f74616c223b643a3136353b7d7d),
('tinjd2ltct8bfc5n29g33t47iu9t3m3g', '::1', 1658122386, 0x5f5f63695f6c6173745f726567656e65726174657c693a313635383132323131383b7265646972656374696f6e7c4e3b5f5f4143544956455f53455353494f4e5f444154417c733a3235363a2230353737663434343265396634656438323362623231303130666232363334663031346538613039656135653163633564653565373839393730376265353561626635356138306438373833616132376636323834346335333935653632356530333431613335653862613564633438613937623163333064376465666431344f46593238394d57664e2f686c6869385a352f433869584a426f4264745a6d31305079776d324b5933773758546a3635686138526968417973356163503079424f3034453354466477496965574455753775594b386b425a645838376b756b326756593646414a51776c6d7768636f5742736834326a2b7943684d6170486945223b636172745f636f6e74656e74737c613a333a7b733a31303a22636172745f746f74616c223b643a3136353b733a31313a22746f74616c5f6974656d73223b643a313b733a33323a223334313733636233386630376638396464626562633261633931323833303366223b613a363a7b733a323a226964223b733a323a223330223b733a333a22717479223b643a313b733a353a227072696365223b643a3136353b733a343a226e616d65223b733a34303a22424154494b204c4542414b20436172756c756b20536172756e7475792050656d6461204c6562616b223b733a353a22726f776964223b733a33323a223334313733636233386630376638396464626562633261633931323833303366223b733a383a22737562746f74616c223b643a3136353b7d7d),
('7n84o3fp4fupompmdipnlq8fnp8srbhm', '::1', 1658122691, 0x5f5f63695f6c6173745f726567656e65726174657c693a313635383132323432313b7265646972656374696f6e7c4e3b5f5f4143544956455f53455353494f4e5f444154417c733a3235363a2233373630316139626165346133616262333364653537656538626638326235653638383963363735373065313235303634623337346464613131636438636330643438336364616164343864613432396535333830393337366231353765613338313366316465383839383931623562653066346335626436613666653733364f472b6e594143537a6d463372775264306a446b372f4348747959692f597579664c716e68664c76516d733642537471386e45582b2f666d2f695a3672394d4e397979585337774b75496861384961516d375464583961426a43422b575968614533764b7a7050433544307141333035775967782f36792b6178336b2b494e6d223b),
('un5rnbafs95rjl4n7h5o3gt4hnto6ne4', '::1', 1658123037, 0x5f5f63695f6c6173745f726567656e65726174657c693a313635383132323735353b7265646972656374696f6e7c4e3b5f5f4143544956455f53455353494f4e5f444154417c733a3235363a2233373630316139626165346133616262333364653537656538626638326235653638383963363735373065313235303634623337346464613131636438636330643438336364616164343864613432396535333830393337366231353765613338313366316465383839383931623562653066346335626436613666653733364f472b6e594143537a6d463372775264306a446b372f4348747959692f597579664c716e68664c76516d733642537471386e45582b2f666d2f695a3672394d4e397979585337774b75496861384961516d375464583961426a43422b575968614533764b7a7050433544307141333035775967782f36792b6178336b2b494e6d223b),
('aosmmslpad7cnkj9qotfvcap50r4t5rb', '::1', 1658123185, 0x5f5f63695f6c6173745f726567656e65726174657c693a313635383132333037343b7265646972656374696f6e7c4e3b5f5f4143544956455f53455353494f4e5f444154417c733a3235363a2233373630316139626165346133616262333364653537656538626638326235653638383963363735373065313235303634623337346464613131636438636330643438336364616164343864613432396535333830393337366231353765613338313366316465383839383931623562653066346335626436613666653733364f472b6e594143537a6d463372775264306a446b372f4348747959692f597579664c716e68664c76516d733642537471386e45582b2f666d2f695a3672394d4e397979585337774b75496861384961516d375464583961426a43422b575968614533764b7a7050433544307141333035775967782f36792b6178336b2b494e6d223b),
('d5kh03u1u1ta7jjkt0nkm87n3hkt7mst', '::1', 1658125920, 0x5f5f63695f6c6173745f726567656e65726174657c693a313635383132353632353b7265646972656374696f6e7c4e3b5f5f4143544956455f53455353494f4e5f444154417c733a3235363a223134623238613137376235356230353536343531353363353931303535616134373466373632323339643937666630363563316138333166306130306137616561313635326263313066653862643061666635336433326631303435386330636538663630326464373133336461643866353433653966313639346638653138654a2b64594c365458487973346666537250695973676e354c5950644c62574a7678733237593769414c4334664472446157455a346d63516b44394e53345a55784673596f34447662667a355677392f534f69473673306b69432b762f756855626554584e36353471333646716b366a543349306d5743503639334e66703943223b),
('7bpe2tfolqrtpg0n23hn27n5n6cqk7pk', '::1', 1658125979, 0x5f5f63695f6c6173745f726567656e65726174657c693a313635383132353937383b7265646972656374696f6e7c4e3b5f5f4143544956455f53455353494f4e5f444154417c733a3235363a223134623238613137376235356230353536343531353363353931303535616134373466373632323339643937666630363563316138333166306130306137616561313635326263313066653862643061666635336433326631303435386330636538663630326464373133336461643866353433653966313639346638653138654a2b64594c365458487973346666537250695973676e354c5950644c62574a7678733237593769414c4334664472446157455a346d63516b44394e53345a55784673596f34447662667a355677392f534f69473673306b69432b762f756855626554584e36353471333646716b366a543349306d5743503639334e66703943223b),
('7mtpups1r6n7e9e06kirmk4dclq2kgoe', '::1', 1658126821, 0x5f5f63695f6c6173745f726567656e65726174657c693a313635383132363534393b7265646972656374696f6e7c4e3b5f5f4143544956455f53455353494f4e5f444154417c733a3235363a2237383461613837636533333161626231346566383363393133303136366664626265323336383738646531643738656637386566616566326463353663313637646130643036353531353933313965643236653438363066393435373463363363623732663133386431613263313134303265363834323265393866343366647676574e4c3732584e31776c7a586a61656d6534394b4d39675166644c39702b6c3630444e427457622b2b337a48473555522b7a6153764d587147377a3776337571725a39702f2f5553706433763673796e763532617461744a36573447334d2b355734344c7276424f36635a627834525a424f4a475172616c4f4751613439223b),
('oc7ci2qpdibhccgld85aj6eiq19reui0', '::1', 1658127190, 0x5f5f63695f6c6173745f726567656e65726174657c693a313635383132363934343b7265646972656374696f6e7c4e3b5f5f4143544956455f53455353494f4e5f444154417c733a3235363a2237383461613837636533333161626231346566383363393133303136366664626265323336383738646531643738656637386566616566326463353663313637646130643036353531353933313965643236653438363066393435373463363363623732663133386431613263313134303265363834323265393866343366647676574e4c3732584e31776c7a586a61656d6534394b4d39675166644c39702b6c3630444e427457622b2b337a48473555522b7a6153764d587147377a3776337571725a39702f2f5553706433763673796e763532617461744a36573447334d2b355734344c7276424f36635a627834525a424f4a475172616c4f4751613439223b),
('kcloq1odekjdbg1f36au4f79t23tbmk5', '::1', 1658127554, 0x5f5f63695f6c6173745f726567656e65726174657c693a313635383132373532313b7265646972656374696f6e7c4e3b5f5f4143544956455f53455353494f4e5f444154417c733a3235363a2237383461613837636533333161626231346566383363393133303136366664626265323336383738646531643738656637386566616566326463353663313637646130643036353531353933313965643236653438363066393435373463363363623732663133386431613263313134303265363834323265393866343366647676574e4c3732584e31776c7a586a61656d6534394b4d39675166644c39702b6c3630444e427457622b2b337a48473555522b7a6153764d587147377a3776337571725a39702f2f5553706433763673796e763532617461744a36573447334d2b355734344c7276424f36635a627834525a424f4a475172616c4f4751613439223b),
('f8h9c0osi1m0t1itedvuq0b6m3m5eh7c', '::1', 1658243132, 0x5f5f63695f6c6173745f726567656e65726174657c693a313635383234323836393b7265646972656374696f6e7c4e3b5f5f4143544956455f53455353494f4e5f444154417c733a3235363a2235353537656565363437653839396666316639346366396462343437363662663839366234376634323636313232383739643339363439643936666532346637383431663765346635303235393265363330633161386230363734623634636432653966336332306331306365356165633039666639613637386330633136344a3951344c416f37384f446250674c2f34466c486f435a3446472f4f4e355172737762557a4e716e4849445942426e314b61615638577758356a32474959486a3779745164415530562b73536f3241487552566745707730385339552b4b3448376b486e79634e655a7868763377524457393736786150337478534e50625459223b),
('1u59sn20a0rnjmhvqrn5f56t3r6t7v8n', '::1', 1658243453, 0x5f5f63695f6c6173745f726567656e65726174657c693a313635383234333137393b7265646972656374696f6e7c4e3b5f5f4143544956455f53455353494f4e5f444154417c733a3235363a2235353537656565363437653839396666316639346366396462343437363662663839366234376634323636313232383739643339363439643936666532346637383431663765346635303235393265363330633161386230363734623634636432653966336332306331306365356165633039666639613637386330633136344a3951344c416f37384f446250674c2f34466c486f435a3446472f4f4e355172737762557a4e716e4849445942426e314b61615638577758356a32474959486a3779745164415530562b73536f3241487552566745707730385339552b4b3448376b486e79634e655a7868763377524457393736786150337478534e50625459223b),
('13mcsi5rh2g8bmi7jfsps1bl9vqaru0b', '::1', 1658243588, 0x5f5f63695f6c6173745f726567656e65726174657c693a313635383234333536353b7265646972656374696f6e7c4e3b5f5f4143544956455f53455353494f4e5f444154417c733a3235363a2235353537656565363437653839396666316639346366396462343437363662663839366234376634323636313232383739643339363439643936666532346637383431663765346635303235393265363330633161386230363734623634636432653966336332306331306365356165633039666639613637386330633136344a3951344c416f37384f446250674c2f34466c486f435a3446472f4f4e355172737762557a4e716e4849445942426e314b61615638577758356a32474959486a3779745164415530562b73536f3241487552566745707730385339552b4b3448376b486e79634e655a7868763377524457393736786150337478534e50625459223b),
('f2ojgv8doonm2g3m78ktghgjueh76nl1', '::1', 1658244027, 0x5f5f63695f6c6173745f726567656e65726174657c693a313635383234343031393b7265646972656374696f6e7c4e3b5f5f4143544956455f53455353494f4e5f444154417c733a3235363a2235353537656565363437653839396666316639346366396462343437363662663839366234376634323636313232383739643339363439643936666532346637383431663765346635303235393265363330633161386230363734623634636432653966336332306331306365356165633039666639613637386330633136344a3951344c416f37384f446250674c2f34466c486f435a3446472f4f4e355172737762557a4e716e4849445942426e314b61615638577758356a32474959486a3779745164415530562b73536f3241487552566745707730385339552b4b3448376b486e79634e655a7868763377524457393736786150337478534e50625459223b),
('hou6m0uts8in8p1mbb4eb3qt5vsbpnoi', '::1', 1658244550, 0x5f5f63695f6c6173745f726567656e65726174657c693a313635383234343338393b7265646972656374696f6e7c4e3b5f5f4143544956455f53455353494f4e5f444154417c733a3235363a2235353537656565363437653839396666316639346366396462343437363662663839366234376634323636313232383739643339363439643936666532346637383431663765346635303235393265363330633161386230363734623634636432653966336332306331306365356165633039666639613637386330633136344a3951344c416f37384f446250674c2f34466c486f435a3446472f4f4e355172737762557a4e716e4849445942426e314b61615638577758356a32474959486a3779745164415530562b73536f3241487552566745707730385339552b4b3448376b486e79634e655a7868763377524457393736786150337478534e50625459223b),
('it9gp87mka80vsguftvb0ua1scohiol7', '::1', 1658245544, 0x5f5f63695f6c6173745f726567656e65726174657c693a313635383234353230363b7265646972656374696f6e7c4e3b5f5f4143544956455f53455353494f4e5f444154417c733a3235363a2235353537656565363437653839396666316639346366396462343437363662663839366234376634323636313232383739643339363439643936666532346637383431663765346635303235393265363330633161386230363734623634636432653966336332306331306365356165633039666639613637386330633136344a3951344c416f37384f446250674c2f34466c486f435a3446472f4f4e355172737762557a4e716e4849445942426e314b61615638577758356a32474959486a3779745164415530562b73536f3241487552566745707730385339552b4b3448376b486e79634e655a7868763377524457393736786150337478534e50625459223b),
('iuq5t0h26brfvhlh90lf23j928q6do6n', '::1', 1658246000, 0x5f5f63695f6c6173745f726567656e65726174657c693a313635383234353739373b7265646972656374696f6e7c4e3b5f5f4143544956455f53455353494f4e5f444154417c733a3235363a2235353537656565363437653839396666316639346366396462343437363662663839366234376634323636313232383739643339363439643936666532346637383431663765346635303235393265363330633161386230363734623634636432653966336332306331306365356165633039666639613637386330633136344a3951344c416f37384f446250674c2f34466c486f435a3446472f4f4e355172737762557a4e716e4849445942426e314b61615638577758356a32474959486a3779745164415530562b73536f3241487552566745707730385339552b4b3448376b486e79634e655a7868763377524457393736786150337478534e50625459223b),
('iv0711t5ntuue3nbrvl1ec37ahqafej7', '::1', 1658249532, 0x5f5f63695f6c6173745f726567656e65726174657c693a313635383234393233363b7265646972656374696f6e7c4e3b5f5f4143544956455f53455353494f4e5f444154417c733a3235363a2239366365643762333630386161346363373263626166336265313865306235393530396639623638336264333538643437303937623663333730393437623237363031643163393237333863373363323839626435363863653637383862303335306231306230343765643261343239386632363961653661326662616363374b654c746a33714856697a7970523064797a545173364530326d39374d43366a714a433262474458524a765353694672634e58484e2f4e766643614c2f67495172387476597a686d4476486466566b37484a34467937526a76786464706d54767a6e375a396b62554e7538656b73596b674552633873496d385677476e497646223b),
('mvuih48srn710sjaoq7jb7gdhn8448dk', '::1', 1658249841, 0x5f5f63695f6c6173745f726567656e65726174657c693a313635383234393534333b7265646972656374696f6e7c4e3b5f5f4143544956455f53455353494f4e5f444154417c733a3235363a2239366365643762333630386161346363373263626166336265313865306235393530396639623638336264333538643437303937623663333730393437623237363031643163393237333863373363323839626435363863653637383862303335306231306230343765643261343239386632363961653661326662616363374b654c746a33714856697a7970523064797a545173364530326d39374d43366a714a433262474458524a765353694672634e58484e2f4e766643614c2f67495172387476597a686d4476486466566b37484a34467937526a76786464706d54767a6e375a396b62554e7538656b73596b674552633873496d385677476e497646223b),
('0n6u5i2ftnimvi7jethr42fig7mrnoa8', '::1', 1658250120, 0x5f5f63695f6c6173745f726567656e65726174657c693a313635383234393835313b7265646972656374696f6e7c4e3b5f5f4143544956455f53455353494f4e5f444154417c733a3235363a2239366365643762333630386161346363373263626166336265313865306235393530396639623638336264333538643437303937623663333730393437623237363031643163393237333863373363323839626435363863653637383862303335306231306230343765643261343239386632363961653661326662616363374b654c746a33714856697a7970523064797a545173364530326d39374d43366a714a433262474458524a765353694672634e58484e2f4e766643614c2f67495172387476597a686d4476486466566b37484a34467937526a76786464706d54767a6e375a396b62554e7538656b73596b674552633873496d385677476e497646223b),
('1mjhlgk5df1j298m1ontr18oq05o6qak', '::1', 1658250441, 0x5f5f63695f6c6173745f726567656e65726174657c693a313635383235303136373b7265646972656374696f6e7c4e3b5f5f4143544956455f53455353494f4e5f444154417c733a3235363a2239366365643762333630386161346363373263626166336265313865306235393530396639623638336264333538643437303937623663333730393437623237363031643163393237333863373363323839626435363863653637383862303335306231306230343765643261343239386632363961653661326662616363374b654c746a33714856697a7970523064797a545173364530326d39374d43366a714a433262474458524a765353694672634e58484e2f4e766643614c2f67495172387476597a686d4476486466566b37484a34467937526a76786464706d54767a6e375a396b62554e7538656b73596b674552633873496d385677476e497646223b),
('lhk7un6okjgkqc0j6ku5327up461erb3', '::1', 1658250673, 0x5f5f63695f6c6173745f726567656e65726174657c693a313635383235303533393b7265646972656374696f6e7c4e3b5f5f4143544956455f53455353494f4e5f444154417c733a3235363a2239366365643762333630386161346363373263626166336265313865306235393530396639623638336264333538643437303937623663333730393437623237363031643163393237333863373363323839626435363863653637383862303335306231306230343765643261343239386632363961653661326662616363374b654c746a33714856697a7970523064797a545173364530326d39374d43366a714a433262474458524a765353694672634e58484e2f4e766643614c2f67495172387476597a686d4476486466566b37484a34467937526a76786464706d54767a6e375a396b62554e7538656b73596b674552633873496d385677476e497646223b),
('2gp29g7lfupoqmat7ii3q8hai67rg2ch', '::1', 1658250988, 0x5f5f63695f6c6173745f726567656e65726174657c693a313635383235303938343b7265646972656374696f6e7c4e3b5f5f4143544956455f53455353494f4e5f444154417c733a3235363a2239366365643762333630386161346363373263626166336265313865306235393530396639623638336264333538643437303937623663333730393437623237363031643163393237333863373363323839626435363863653637383862303335306231306230343765643261343239386632363961653661326662616363374b654c746a33714856697a7970523064797a545173364530326d39374d43366a714a433262474458524a765353694672634e58484e2f4e766643614c2f67495172387476597a686d4476486466566b37484a34467937526a76786464706d54767a6e375a396b62554e7538656b73596b674552633873496d385677476e497646223b),
('sdbpo1vgebtge9tva9tjt748cm4js8m7', '::1', 1658298242, 0x5f5f63695f6c6173745f726567656e65726174657c693a313635383239383130363b7265646972656374696f6e7c4e3b5f5f4143544956455f53455353494f4e5f444154417c733a3235363a2234313737623237366534386232623834366533636161353831373936306236633438356362393238343539303064393165356463373266346565393461313165303536636132643463343761353737623635316366636562316533666234636434336639303737653363383064363135306464373066393834386630623337396c384850587635424f505350437965414e6d514a463776776d30446d6e777233384374652f7633452b4676376641634b586144424736696b6152322f69792f4f50646744664c6143497435563941364d42325848747550307a6f5231496933316b6e506c6e504930696b622b71643639637a3956447478714c7559514f34506a223b),
('17gac1aitoq3dq7aehe3s7210bfaj8nd', '::1', 1658298690, 0x5f5f63695f6c6173745f726567656e65726174657c693a313635383239383532373b7265646972656374696f6e7c4e3b5f5f4143544956455f53455353494f4e5f444154417c733a3235363a2234313737623237366534386232623834366533636161353831373936306236633438356362393238343539303064393165356463373266346565393461313165303536636132643463343761353737623635316366636562316533666234636434336639303737653363383064363135306464373066393834386630623337396c384850587635424f505350437965414e6d514a463776776d30446d6e777233384374652f7633452b4676376641634b586144424736696b6152322f69792f4f50646744664c6143497435563941364d42325848747550307a6f5231496933316b6e506c6e504930696b622b71643639637a3956447478714c7559514f34506a223b),
('gjh97ehgp2lg6f5hu88jgho5n2uu0s3e', '::1', 1658299014, 0x5f5f63695f6c6173745f726567656e65726174657c693a313635383239383935323b7265646972656374696f6e7c4e3b5f5f4143544956455f53455353494f4e5f444154417c733a3235363a2262643562306239656537393366316238323235333061366230353439393361303761373333326561393161646336623633326132363537333031346661333933646565333761306431643864653265316461303839653931363939373437343135643364353430646164643631313762323133366363376338653237633339314e49447938536c515a7479514e4379713639736e2f5a634c5a796730567477782f3537666c6d3654694e3254544a654476786b2b6167676e6f2f73423934574766636e776c6e4562674f792b4b31484f4739472f7a446a777a6438744d53667631426e6e555843742b484f324b6f79794576664f315045695358694a516e7732223b),
('pn6tt1qvm6qtrbbg8aveoljcsc3l94ed', '::1', 1658299687, 0x5f5f63695f6c6173745f726567656e65726174657c693a313635383239393535343b7265646972656374696f6e7c4e3b5f5f4143544956455f53455353494f4e5f444154417c733a3235363a2262643562306239656537393366316238323235333061366230353439393361303761373333326561393161646336623633326132363537333031346661333933646565333761306431643864653265316461303839653931363939373437343135643364353430646164643631313762323133366363376338653237633339314e49447938536c515a7479514e4379713639736e2f5a634c5a796730567477782f3537666c6d3654694e3254544a654476786b2b6167676e6f2f73423934574766636e776c6e4562674f792b4b31484f4739472f7a446a777a6438744d53667631426e6e555843742b484f324b6f79794576664f315045695358694a516e7732223b),
('k6brfttmrdc8rbsm18omu2up5m6jubts', '::1', 1659094295, 0x5f5f63695f6c6173745f726567656e65726174657c693a313635393039343034353b7265646972656374696f6e7c4e3b636172745f636f6e74656e74737c613a333a7b733a31303a22636172745f746f74616c223b643a32353030303b733a31313a22746f74616c5f6974656d73223b643a313b733a33323a223635313262643433643963616136653032633939306230613832363532646361223b613a363a7b733a323a226964223b733a323a223131223b733a333a22717479223b643a313b733a353a227072696365223b643a32353030303b733a343a226e616d65223b733a31353a224c656d6f6e204a616865204172656e223b733a353a22726f776964223b733a33323a223635313262643433643963616136653032633939306230613832363532646361223b733a383a22737562746f74616c223b643a32353030303b7d7d636f75706f6e5f69647c733a313a2231223b6f726465725f7175616e746974797c613a313a7b693a31313b613a323a7b733a333a22717479223b643a313b733a353a227072696365223b643a32353030303b7d7d746f74616c5f70726963657c643a33303030303b5f5f4143544956455f53455353494f4e5f444154417c733a3235363a2238623661306639656361376632643161313336373364303066323566323938396435376338396463393266323637666231306564613565386466386362313335623930366434646165393163646564376430303930316330663032666631623536346439363964313137356638313432343433393961346139373666613365347172653256686163686d6f56777636646878685375454958347a46336f3641486639437947446753455a4c554168316375746a35446162354c4c6e566f45367142493669326c73755055754d5738742f634b734871736165694d2b465a6a645a7950547443637139484855557a6a4f356171457a6f796c4f6d71416a4a776157223b),
('nf7jo0rka2gechubak6s69lk3ln1b69o', '::1', 1659094600, 0x5f5f63695f6c6173745f726567656e65726174657c693a313635393039343336323b7265646972656374696f6e7c4e3b636172745f636f6e74656e74737c613a333a7b733a31303a22636172745f746f74616c223b643a32353030303b733a31313a22746f74616c5f6974656d73223b643a313b733a33323a223635313262643433643963616136653032633939306230613832363532646361223b613a363a7b733a323a226964223b733a323a223131223b733a333a22717479223b643a313b733a353a227072696365223b643a32353030303b733a343a226e616d65223b733a31353a224c656d6f6e204a616865204172656e223b733a353a22726f776964223b733a33323a223635313262643433643963616136653032633939306230613832363532646361223b733a383a22737562746f74616c223b643a32353030303b7d7d636f75706f6e5f69647c733a313a2231223b6f726465725f7175616e746974797c613a313a7b693a31313b613a323a7b733a333a22717479223b643a313b733a353a227072696365223b643a32353030303b7d7d746f74616c5f70726963657c643a33303030303b5f5f4143544956455f53455353494f4e5f444154417c733a3235363a2262663030613865613363356236306134333465396366613332383437313065386537636565333062396636353563343937353663613134363137303737633761643637646634363062626337326562633038393661623632663434646530363032343862306662656561643034336439663332363232346635646133363233326862775432396f52635644596d54304445456438757336726b5456777061617145574a6136366d744d727569654d563369576c713375704a787a2b414f416a6f643643614c597733704e554d435137424b7752664d4d324a6842517151345a2b666538766e32526b4d6731364f347170776d314c3436525a4175727a74617658223b),
('ru7eae5e72n8uog79lhoe48r4ejd4v95', '::1', 1659094720, 0x5f5f63695f6c6173745f726567656e65726174657c693a313635393039343638363b7265646972656374696f6e7c4e3b636172745f636f6e74656e74737c613a333a7b733a31303a22636172745f746f74616c223b643a32353030303b733a31313a22746f74616c5f6974656d73223b643a313b733a33323a223635313262643433643963616136653032633939306230613832363532646361223b613a363a7b733a323a226964223b733a323a223131223b733a333a22717479223b643a313b733a353a227072696365223b643a32353030303b733a343a226e616d65223b733a31353a224c656d6f6e204a616865204172656e223b733a353a22726f776964223b733a33323a223635313262643433643963616136653032633939306230613832363532646361223b733a383a22737562746f74616c223b643a32353030303b7d7d636f75706f6e5f69647c733a313a2231223b6f726465725f7175616e746974797c613a313a7b693a31313b613a323a7b733a333a22717479223b643a313b733a353a227072696365223b643a32353030303b7d7d746f74616c5f70726963657c643a33303030303b5f5f4143544956455f53455353494f4e5f444154417c733a3235363a226661653532336566663031613739353837643865633231353664313534346538323037303836386233653964366132343034616566386266326132626564626464353066333738356662643963313263633661623430633264376465366133323366636238346337376239633038333861313334386234643839323861323562576d4a394c366352416b6c764166756f4963577a655430742b7947483350736a666c397a6d674372767a536862644d4b6559496a476f565557486e7a31727042346e54616d367732485a77336a536643644d5157624d6770714a30505334716d3178393078726a66767679656e754e397756313064453835794e4a574f683667223b),
('7g5r6i7pjd8cvm6g993f6jve445826r6', '::1', 1659096331, 0x5f5f63695f6c6173745f726567656e65726174657c693a313635393039363037373b7265646972656374696f6e7c4e3b636172745f636f6e74656e74737c613a333a7b733a31303a22636172745f746f74616c223b643a32353030303b733a31313a22746f74616c5f6974656d73223b643a313b733a33323a223635313262643433643963616136653032633939306230613832363532646361223b613a363a7b733a323a226964223b733a323a223131223b733a333a22717479223b643a313b733a353a227072696365223b643a32353030303b733a343a226e616d65223b733a31353a224c656d6f6e204a616865204172656e223b733a353a22726f776964223b733a33323a223635313262643433643963616136653032633939306230613832363532646361223b733a383a22737562746f74616c223b643a32353030303b7d7d636f75706f6e5f69647c733a313a2231223b6f726465725f7175616e746974797c613a313a7b693a31313b613a323a7b733a333a22717479223b643a313b733a353a227072696365223b643a32353030303b7d7d746f74616c5f70726963657c643a33303030303b5f5f4143544956455f53455353494f4e5f444154417c733a3235363a2239316135623332373066323763396536616664396263353330363661653331666137666233653334313131326439663037343234346631383238393733663934306465616561383335636362623264656566343036643734633935343035333433373631333931346661393062346363663335396264623761643334376130334e666d7856616b6d54465a4238356b597668394950444748613172744e69335944446f6e4d65646d713047734a6a6e6b3677315577712b7a4358496e7536436142616d457a54415a2f792f543051515a646551754d784875664f6635547a6d2b483263545a7a3449427a6b746f4a2f337544676644334664394e62544e634663223b),
('n3f8r58ps286rmm6km2abmntidgbvc9m', '::1', 1659096926, 0x5f5f63695f6c6173745f726567656e65726174657c693a313635393039363738353b7265646972656374696f6e7c4e3b636172745f636f6e74656e74737c613a333a7b733a31303a22636172745f746f74616c223b643a32353030303b733a31313a22746f74616c5f6974656d73223b643a313b733a33323a223635313262643433643963616136653032633939306230613832363532646361223b613a363a7b733a323a226964223b733a323a223131223b733a333a22717479223b643a313b733a353a227072696365223b643a32353030303b733a343a226e616d65223b733a31353a224c656d6f6e204a616865204172656e223b733a353a22726f776964223b733a33323a223635313262643433643963616136653032633939306230613832363532646361223b733a383a22737562746f74616c223b643a32353030303b7d7d636f75706f6e5f69647c733a313a2231223b6f726465725f7175616e746974797c613a313a7b693a31313b613a323a7b733a333a22717479223b643a313b733a353a227072696365223b643a32353030303b7d7d746f74616c5f70726963657c643a33303030303b5f5f4143544956455f53455353494f4e5f444154417c733a3235363a2239316135623332373066323763396536616664396263353330363661653331666137666233653334313131326439663037343234346631383238393733663934306465616561383335636362623264656566343036643734633935343035333433373631333931346661393062346363663335396264623761643334376130334e666d7856616b6d54465a4238356b597668394950444748613172744e69335944446f6e4d65646d713047734a6a6e6b3677315577712b7a4358496e7536436142616d457a54415a2f792f543051515a646551754d784875664f6635547a6d2b483263545a7a3449427a6b746f4a2f337544676644334664394e62544e634663223b),
('mojgj47q3hqh0gin5bfvmih6hq2re7mr', '::1', 1659097642, 0x5f5f63695f6c6173745f726567656e65726174657c693a313635393039373634303b7265646972656374696f6e7c4e3b636172745f636f6e74656e74737c613a333a7b733a31303a22636172745f746f74616c223b643a32353030303b733a31313a22746f74616c5f6974656d73223b643a313b733a33323a223635313262643433643963616136653032633939306230613832363532646361223b613a363a7b733a323a226964223b733a323a223131223b733a333a22717479223b643a313b733a353a227072696365223b643a32353030303b733a343a226e616d65223b733a31353a224c656d6f6e204a616865204172656e223b733a353a22726f776964223b733a33323a223635313262643433643963616136653032633939306230613832363532646361223b733a383a22737562746f74616c223b643a32353030303b7d7d636f75706f6e5f69647c733a313a2231223b6f726465725f7175616e746974797c613a313a7b693a31313b613a323a7b733a333a22717479223b643a313b733a353a227072696365223b643a32353030303b7d7d746f74616c5f70726963657c643a33303030303b5f5f4143544956455f53455353494f4e5f444154417c733a3235363a2239316135623332373066323763396536616664396263353330363661653331666137666233653334313131326439663037343234346631383238393733663934306465616561383335636362623264656566343036643734633935343035333433373631333931346661393062346363663335396264623761643334376130334e666d7856616b6d54465a4238356b597668394950444748613172744e69335944446f6e4d65646d713047734a6a6e6b3677315577712b7a4358496e7536436142616d457a54415a2f792f543051515a646551754d784875664f6635547a6d2b483263545a7a3449427a6b746f4a2f337544676644334664394e62544e634663223b),
('k0c1gho57kl808d15t336h2fctlin42l', '::1', 1659101793, 0x5f5f63695f6c6173745f726567656e65726174657c693a313635393130313532393b7265646972656374696f6e7c4e3b636172745f636f6e74656e74737c613a333a7b733a31303a22636172745f746f74616c223b643a32353030303b733a31313a22746f74616c5f6974656d73223b643a313b733a33323a223635313262643433643963616136653032633939306230613832363532646361223b613a363a7b733a323a226964223b733a323a223131223b733a333a22717479223b643a313b733a353a227072696365223b643a32353030303b733a343a226e616d65223b733a31353a224c656d6f6e204a616865204172656e223b733a353a22726f776964223b733a33323a223635313262643433643963616136653032633939306230613832363532646361223b733a383a22737562746f74616c223b643a32353030303b7d7d636f75706f6e5f69647c733a313a2231223b6f726465725f7175616e746974797c613a313a7b693a31313b613a323a7b733a333a22717479223b643a313b733a353a227072696365223b643a32353030303b7d7d746f74616c5f70726963657c643a33303030303b),
('b8cmqls1ci1bl5g9b94joaq4g4c4c3mu', '::1', 1659101932, 0x5f5f63695f6c6173745f726567656e65726174657c693a313635393130313933323b7265646972656374696f6e7c4e3b636172745f636f6e74656e74737c613a333a7b733a31303a22636172745f746f74616c223b643a32353030303b733a31313a22746f74616c5f6974656d73223b643a313b733a33323a223635313262643433643963616136653032633939306230613832363532646361223b613a363a7b733a323a226964223b733a323a223131223b733a333a22717479223b643a313b733a353a227072696365223b643a32353030303b733a343a226e616d65223b733a31353a224c656d6f6e204a616865204172656e223b733a353a22726f776964223b733a33323a223635313262643433643963616136653032633939306230613832363532646361223b733a383a22737562746f74616c223b643a32353030303b7d7d636f75706f6e5f69647c733a313a2231223b6f726465725f7175616e746974797c613a313a7b693a31313b613a323a7b733a333a22717479223b643a313b733a353a227072696365223b643a32353030303b7d7d746f74616c5f70726963657c643a33303030303b),
('8nsn2hkv0j8hhf7o2aop4os9f0dg7men', '::1', 1659102706, 0x5f5f63695f6c6173745f726567656e65726174657c693a313635393130323433313b7265646972656374696f6e7c4e3b636172745f636f6e74656e74737c613a333a7b733a31303a22636172745f746f74616c223b643a32353030303b733a31313a22746f74616c5f6974656d73223b643a313b733a33323a223635313262643433643963616136653032633939306230613832363532646361223b613a363a7b733a323a226964223b733a323a223131223b733a333a22717479223b643a313b733a353a227072696365223b643a32353030303b733a343a226e616d65223b733a31353a224c656d6f6e204a616865204172656e223b733a353a22726f776964223b733a33323a223635313262643433643963616136653032633939306230613832363532646361223b733a383a22737562746f74616c223b643a32353030303b7d7d636f75706f6e5f69647c733a313a2231223b6f726465725f7175616e746974797c613a313a7b693a31313b613a323a7b733a333a22717479223b643a313b733a353a227072696365223b643a32353030303b7d7d746f74616c5f70726963657c643a33303030303b5f5f4143544956455f53455353494f4e5f444154417c733a3235363a223238326331373432643964613734623462656230626137616433643732386666303537373664663336306665316239643634626237613636396630643732613138353166383834616130653534393632353964623265306465383366393761333866396138613466376637343166363264663662363131383537306362373833654b7a445357797672677279537859767552717a5950414b626d614e336f4d6a2b443830577a79775038725446566773517474685039454759554a4d3071372b5053754e305a4d625271506476516a3344623433756d4b722b794a4f3452536e69796e68304a627a674f5561753075723766716b6c536455315043765258736e223b),
('qgqjeeljctdjanr05q0vgaochg0kaphh', '::1', 1659102967, 0x5f5f63695f6c6173745f726567656e65726174657c693a313635393130323734313b7265646972656374696f6e7c4e3b636172745f636f6e74656e74737c613a333a7b733a31303a22636172745f746f74616c223b643a32353030303b733a31313a22746f74616c5f6974656d73223b643a313b733a33323a223635313262643433643963616136653032633939306230613832363532646361223b613a363a7b733a323a226964223b733a323a223131223b733a333a22717479223b643a313b733a353a227072696365223b643a32353030303b733a343a226e616d65223b733a31353a224c656d6f6e204a616865204172656e223b733a353a22726f776964223b733a33323a223635313262643433643963616136653032633939306230613832363532646361223b733a383a22737562746f74616c223b643a32353030303b7d7d636f75706f6e5f69647c733a313a2231223b6f726465725f7175616e746974797c613a313a7b693a31313b613a323a7b733a333a22717479223b643a313b733a353a227072696365223b643a32353030303b7d7d746f74616c5f70726963657c643a33303030303b5f5f4143544956455f53455353494f4e5f444154417c733a3235363a223238326331373432643964613734623462656230626137616433643732386666303537373664663336306665316239643634626237613636396630643732613138353166383834616130653534393632353964623265306465383366393761333866396138613466376637343166363264663662363131383537306362373833654b7a445357797672677279537859767552717a5950414b626d614e336f4d6a2b443830577a79775038725446566773517474685039454759554a4d3071372b5053754e305a4d625271506476516a3344623433756d4b722b794a4f3452536e69796e68304a627a674f5561753075723766716b6c536455315043765258736e223b),
('b6apjg9u927fqr0btv0j2m58rpm5cgip', '::1', 1659103484, 0x5f5f63695f6c6173745f726567656e65726174657c693a313635393130333434373b7265646972656374696f6e7c4e3b636172745f636f6e74656e74737c613a333a7b733a31303a22636172745f746f74616c223b643a32353030303b733a31313a22746f74616c5f6974656d73223b643a313b733a33323a223635313262643433643963616136653032633939306230613832363532646361223b613a363a7b733a323a226964223b733a323a223131223b733a333a22717479223b643a313b733a353a227072696365223b643a32353030303b733a343a226e616d65223b733a31353a224c656d6f6e204a616865204172656e223b733a353a22726f776964223b733a33323a223635313262643433643963616136653032633939306230613832363532646361223b733a383a22737562746f74616c223b643a32353030303b7d7d636f75706f6e5f69647c733a313a2231223b6f726465725f7175616e746974797c613a313a7b693a31313b613a323a7b733a333a22717479223b643a313b733a353a227072696365223b643a32353030303b7d7d746f74616c5f70726963657c643a33303030303b5f5f4143544956455f53455353494f4e5f444154417c733a3235363a223238326331373432643964613734623462656230626137616433643732386666303537373664663336306665316239643634626237613636396630643732613138353166383834616130653534393632353964623265306465383366393761333866396138613466376637343166363264663662363131383537306362373833654b7a445357797672677279537859767552717a5950414b626d614e336f4d6a2b443830577a79775038725446566773517474685039454759554a4d3071372b5053754e305a4d625271506476516a3344623433756d4b722b794a4f3452536e69796e68304a627a674f5561753075723766716b6c536455315043765258736e223b);
INSERT INTO `ci_sessions` (`id`, `ip_address`, `timestamp`, `data`) VALUES
('ts9ikrbft128hc5vo0i8lov7beilfq5k', '::1', 1659105096, 0x5f5f63695f6c6173745f726567656e65726174657c693a313635393130353039363b7265646972656374696f6e7c733a36383a226148523063446f764c327876593246736147397a644339735a574a6861313972636d566864476c6d4c326c755a4756344c6e426f6343396a64584e306232316c63673d3d223b),
('k5akbdvfuhnnvoti4j2q6pa61unh4h8r', '::1', 1659105588, 0x5f5f63695f6c6173745f726567656e65726174657c693a313635393130353439323b5f5f4143544956455f53455353494f4e5f444154417c733a3235363a226231333165316163353066333039356264353339363763326136336662373934303935306363373334323637633261663463313336393832643864313636656665643036343430656166363530356438333530363938396332613235653833333066623166313361316437316334366132383664333534356334636433376263716576703230533768576c7931344c556c64776f44637373514f51636f444b7063485136344155367964523457634b552b3664336d7132792b6e672f306d66544d33536a4c70766d336e7470447a6456504f596761736b7657417036305666725778707a5377566c6e496c757142675051654977464f415245346958334c6349223b7265646972656374696f6e7c733a38343a226148523063446f764c327876593246736147397a644339735a574a6861313972636d566864476c6d4c326c755a4756344c6e426f634339685a4731706269396a6232353059574e3063793932615756334c7a453d223b),
('mcdkr3eghnhjmmajj818tqcodm15gah8', '::1', 1659185903, 0x5f5f63695f6c6173745f726567656e65726174657c693a313635393138353930323b),
('s3lpok4k5v4enq93s0rrmt0radtn5eg4', '127.0.0.1', 1659186140, 0x5f5f63695f6c6173745f726567656e65726174657c693a313635393138353930323b7265646972656374696f6e7c4e3b5f5f4143544956455f53455353494f4e5f444154417c733a3235363a223435363936323633623166346137623535343361326434636262363936396531373934356163373863313235333263373261396335386632623463353139323561363139333738376365616463353663336236313733633062353462373537366536643666323165663539613138333561623534353636383438356366613032474f6e6242556b382b72516a3767424b6a5551734c5541545a62696148664a55737339754d785630597977425a73456e545a676d446e4156526e5739696a53684b4e6a564657392b46324a79544656393852516f546b39613577644e6a5863475a3758694d33777669344148576d58516e587a7368486972332f64434a4e426b223b),
('3ou1u8uvalkgf5djmj75us0jls80977g', '::1', 1659186565, 0x5f5f63695f6c6173745f726567656e65726174657c693a313635393138363238383b7265646972656374696f6e7c4e3b5f5f4143544956455f53455353494f4e5f444154417c733a3235363a223435363936323633623166346137623535343361326434636262363936396531373934356163373863313235333263373261396335386632623463353139323561363139333738376365616463353663336236313733633062353462373537366536643666323165663539613138333561623534353636383438356366613032474f6e6242556b382b72516a3767424b6a5551734c5541545a62696148664a55737339754d785630597977425a73456e545a676d446e4156526e5739696a53684b4e6a564657392b46324a79544656393852516f546b39613577644e6a5863475a3758694d33777669344148576d58516e587a7368486972332f64434a4e426b223b),
('g4ubvj6gr7jo9kpa21ftt75r93k5r3qr', '::1', 1659186944, 0x5f5f63695f6c6173745f726567656e65726174657c693a313635393138363635313b7265646972656374696f6e7c4e3b5f5f4143544956455f53455353494f4e5f444154417c733a3235363a223435363936323633623166346137623535343361326434636262363936396531373934356163373863313235333263373261396335386632623463353139323561363139333738376365616463353663336236313733633062353462373537366536643666323165663539613138333561623534353636383438356366613032474f6e6242556b382b72516a3767424b6a5551734c5541545a62696148664a55737339754d785630597977425a73456e545a676d446e4156526e5739696a53684b4e6a564657392b46324a79544656393852516f546b39613577644e6a5863475a3758694d33777669344148576d58516e587a7368486972332f64434a4e426b223b),
('gjhhnv7spl9qb8bt3p526ueeob3802p7', '::1', 1659187265, 0x5f5f63695f6c6173745f726567656e65726174657c693a313635393138373032353b7265646972656374696f6e7c4e3b5f5f4143544956455f53455353494f4e5f444154417c733a3235363a223435363936323633623166346137623535343361326434636262363936396531373934356163373863313235333263373261396335386632623463353139323561363139333738376365616463353663336236313733633062353462373537366536643666323165663539613138333561623534353636383438356366613032474f6e6242556b382b72516a3767424b6a5551734c5541545a62696148664a55737339754d785630597977425a73456e545a676d446e4156526e5739696a53684b4e6a564657392b46324a79544656393852516f546b39613577644e6a5863475a3758694d33777669344148576d58516e587a7368486972332f64434a4e426b223b),
('bi6t2r0pqsp8o0qec38jvqdnvcsvofmh', '::1', 1659187495, 0x5f5f63695f6c6173745f726567656e65726174657c693a313635393138373335393b7265646972656374696f6e7c4e3b5f5f4143544956455f53455353494f4e5f444154417c733a3235363a223435363936323633623166346137623535343361326434636262363936396531373934356163373863313235333263373261396335386632623463353139323561363139333738376365616463353663336236313733633062353462373537366536643666323165663539613138333561623534353636383438356366613032474f6e6242556b382b72516a3767424b6a5551734c5541545a62696148664a55737339754d785630597977425a73456e545a676d446e4156526e5739696a53684b4e6a564657392b46324a79544656393852516f546b39613577644e6a5863475a3758694d33777669344148576d58516e587a7368486972332f64434a4e426b223b),
('f8lfhnekhdhmsr7jqomgti9b9r3dvsb9', '::1', 1659614891, 0x5f5f63695f6c6173745f726567656e65726174657c693a313635393631343838393b),
('rn9slaepe6pged7mr9ea2gg52v1dgu6c', '::1', 1659621062, 0x5f5f63695f6c6173745f726567656e65726174657c693a313635393632303937353b),
('8mnfdfcndvcfc9io8tae8taiglt3mrn6', '::1', 1659703350, 0x5f5f63695f6c6173745f726567656e65726174657c693a313635393730333038353b7265646972656374696f6e7c4e3b5f5f4143544956455f53455353494f4e5f444154417c733a3235363a2264326535613036373839636435343135373931313265373035356362373938386436643830653265613861323430663964366533383231613662383831386262373831363330316566316464626133623432336333303764653963653232306262333165356136306139353835363066363064626230323963343366393332364a5549376e636d522b747561316d6d2b5779465248674d75654a4638554b664b6b6e72726764554d464d56467272462b59595141623334582b4f3234676e54526c57364447697a6b413467397a626a722f6943386e365944773334645455762f53692f2b726133425032425545754c3547576162424e61354637375539594137223b),
('od9so6h8mpl90oedegr7v84o8p736sfh', '::1', 1659703672, 0x5f5f63695f6c6173745f726567656e65726174657c693a313635393730333338373b7265646972656374696f6e7c4e3b5f5f4143544956455f53455353494f4e5f444154417c733a3235363a2235613165313462366430663965323633303431313563396633646332373833333833393038323062326633336462346238383236343035313036646163303639393137363165383932653532623031646664326435323830313535383963646131333530663263613732326365353432396436616332366564373930616636396438343146525251417656443643314a504b6b70792f764d3069554e74754c4965725a50702b56504956573964465471623179664b39797338746470704e4b486e6e704265574c616c336e4a4476354c437232316f454c304a474a474e786752422b4f59596e352f454e672b7643314c4a6b5472784d5a566d6367544d326d62223b),
('51f8upfbgv66u5sbi53bg74a473en5tj', '::1', 1659703992, 0x5f5f63695f6c6173745f726567656e65726174657c693a313635393730333639343b7265646972656374696f6e7c4e3b5f5f4143544956455f53455353494f4e5f444154417c733a3235363a2235616339393464353430336236353633333933666265633239303162333361346431353365633961623161356630326635336534663537646533666234666562633833666133363231306135643234653664303132396462306536396432313130623233353930613131613433656437363566336530663638366336396265634f36653732516c58413371357145394148336244573379414c624b78536c736e47534f6f646c4f596471506252413252624b4d532b68796b545869506b6d444e674f374479456338755a70656e4530346375397769596e55756275766b4f786f32712b7a376c6a3073682f76427945794374354f616b504a645573412b443446223b),
('k0rhid0i9tbsss5kes274v0a0l5jkl7p', '::1', 1659704015, 0x5f5f63695f6c6173745f726567656e65726174657c693a313635393730343031343b7265646972656374696f6e7c4e3b5f5f4143544956455f53455353494f4e5f444154417c733a3235363a2235616339393464353430336236353633333933666265633239303162333361346431353365633961623161356630326635336534663537646533666234666562633833666133363231306135643234653664303132396462306536396432313130623233353930613131613433656437363566336530663638366336396265634f36653732516c58413371357145394148336244573379414c624b78536c736e47534f6f646c4f596471506252413252624b4d532b68796b545869506b6d444e674f374479456338755a70656e4530346375397769596e55756275766b4f786f32712b7a376c6a3073682f76427945794374354f616b504a645573412b443446223b),
('p5esvpsbto1r44jbd75pivs6djm47opu', '::1', 1659704435, 0x5f5f63695f6c6173745f726567656e65726174657c693a313635393730343334393b6c6f67696e5f666c6173687c733a31363a22426572686173696c206c6f676f757421223b5f5f63695f766172737c613a313a7b733a31313a226c6f67696e5f666c617368223b733a333a226f6c64223b7d7265646972656374696f6e7c4e3b),
('qnbo7c03n7m7lb4rdgvj76mm922gjk4e', '::1', 1660029319, 0x5f5f63695f6c6173745f726567656e65726174657c693a313636303032393038353b7265646972656374696f6e7c4e3b5f5f4143544956455f53455353494f4e5f444154417c733a3235363a2230313437666233616564613864343266313430303163366136316636373137323837333162333236303632663361653630363565356564636636383733626166333937396630336466353730636336393739623833366434623961623762393064636134633162386232323661336538313531636234393633376265393337334c565139415a5632716163617849494c504e4c334e5335637868416536334f415456594a5a33356b49635566474e506850456a316c4c7a32495177726b484a33574448715739386a55614774626c4b74433363774f5649635275724a76304f6c6261592b596955354556385962763638773277334c4350422f37714756616132223b),
('be1cps9n8oles56j9oioq1k7v4rh0ap8', '::1', 1660029554, 0x5f5f63695f6c6173745f726567656e65726174657c693a313636303032393339383b7265646972656374696f6e7c4e3b5f5f4143544956455f53455353494f4e5f444154417c733a3235363a2230313437666233616564613864343266313430303163366136316636373137323837333162333236303632663361653630363565356564636636383733626166333937396630336466353730636336393739623833366434623961623762393064636134633162386232323661336538313531636234393633376265393337334c565139415a5632716163617849494c504e4c334e5335637868416536334f415456594a5a33356b49635566474e506850456a316c4c7a32495177726b484a33574448715739386a55614774626c4b74433363774f5649635275724a76304f6c6261592b596955354556385962763638773277334c4350422f37714756616132223b),
('gmh8idambnjo4cdbs7159pe0vopth9g1', '::1', 1660030441, 0x5f5f63695f6c6173745f726567656e65726174657c693a313636303033303434303b7265646972656374696f6e7c4e3b5f5f4143544956455f53455353494f4e5f444154417c733a3235363a2230313437666233616564613864343266313430303163366136316636373137323837333162333236303632663361653630363565356564636636383733626166333937396630336466353730636336393739623833366434623961623762393064636134633162386232323661336538313531636234393633376265393337334c565139415a5632716163617849494c504e4c334e5335637868416536334f415456594a5a33356b49635566474e506850456a316c4c7a32495177726b484a33574448715739386a55614774626c4b74433363774f5649635275724a76304f6c6261592b596955354556385962763638773277334c4350422f37714756616132223b),
('pf358qv5nchc2blcgmdfmima59p7obir', '::1', 1660032714, 0x5f5f63695f6c6173745f726567656e65726174657c693a313636303033323731313b7265646972656374696f6e7c4e3b5f5f4143544956455f53455353494f4e5f444154417c733a3235363a2230313437666233616564613864343266313430303163366136316636373137323837333162333236303632663361653630363565356564636636383733626166333937396630336466353730636336393739623833366434623961623762393064636134633162386232323661336538313531636234393633376265393337334c565139415a5632716163617849494c504e4c334e5335637868416536334f415456594a5a33356b49635566474e506850456a316c4c7a32495177726b484a33574448715739386a55614774626c4b74433363774f5649635275724a76304f6c6261592b596955354556385962763638773277334c4350422f37714756616132223b);

-- --------------------------------------------------------

--
-- Table structure for table `contacts`
--

CREATE TABLE `contacts` (
  `id` int(10) NOT NULL,
  `parent_id` int(10) DEFAULT NULL,
  `name` varchar(32) NOT NULL,
  `subject` varchar(128) DEFAULT NULL,
  `email` varchar(64) NOT NULL,
  `message` mediumtext NOT NULL,
  `contact_date` datetime DEFAULT NULL,
  `status` tinyint(1) DEFAULT '1',
  `reply_at` datetime DEFAULT NULL
) ENGINE=InnoDB DEFAULT CHARSET=utf8mb4;

--
-- Dumping data for table `contacts`
--

INSERT INTO `contacts` (`id`, `parent_id`, `name`, `subject`, `email`, `message`, `contact_date`, `status`, `reply_at`) VALUES
(1, NULL, 'gugun123', 'coba', 'gugunbo@gmail.com', 'coba', '2022-07-29 15:51:25', 2, NULL);

-- --------------------------------------------------------

--
-- Table structure for table `coupons`
--

CREATE TABLE `coupons` (
  `id` bigint(20) NOT NULL,
  `name` varchar(191) NOT NULL,
  `code` varchar(32) NOT NULL,
  `credit` decimal(8,2) NOT NULL,
  `start_date` date NOT NULL,
  `expired_date` date NOT NULL,
  `is_active` tinyint(4) DEFAULT '1'
) ENGINE=InnoDB DEFAULT CHARSET=utf8mb4;

--
-- Dumping data for table `coupons`
--

INSERT INTO `coupons` (`id`, `name`, `code`, `credit`, `start_date`, `expired_date`, `is_active`) VALUES
(1, 'LebakUnique', 'LebakUnique', '5000.00', '2022-06-14', '2022-12-30', 1);

-- --------------------------------------------------------

--
-- Table structure for table `customers`
--

CREATE TABLE `customers` (
  `id` bigint(20) NOT NULL,
  `user_id` bigint(20) UNSIGNED DEFAULT NULL,
  `name` varchar(191) NOT NULL,
  `phone_number` varchar(32) DEFAULT NULL,
  `address` varchar(191) NOT NULL,
  `profile_picture` varchar(191) DEFAULT NULL
) ENGINE=InnoDB DEFAULT CHARSET=utf8mb4;

--
-- Dumping data for table `customers`
--

INSERT INTO `customers` (`id`, `user_id`, `name`, `phone_number`, `address`, `profile_picture`) VALUES
(11, 13, 'gugun mulyana', '082125587552', 'Serang', NULL),
(12, 14, 'rohmat', '08112123131', 'tangerang', NULL),
(13, 15, 'gusti', '081121231233', 'Serang', NULL),
(14, 16, 'rifki ramadhan', '082125587554', 'rangkas', NULL),
(15, 17, 'bagas saputro', '08112123132', 'Serang', NULL),
(16, 18, 'gugun123', '082125587553', 'Serang', NULL),
(17, 19, 'ismail salman', '08123456789', 'serang', NULL);

-- --------------------------------------------------------

--
-- Table structure for table `orders`
--

CREATE TABLE `orders` (
  `id` bigint(20) NOT NULL,
  `user_id` bigint(20) UNSIGNED DEFAULT NULL,
  `coupon_id` bigint(20) DEFAULT NULL,
  `order_number` varchar(16) NOT NULL,
  `order_status` enum('1','2','3','4','5') DEFAULT '1',
  `order_date` datetime NOT NULL,
  `total_price` decimal(8,2) DEFAULT NULL,
  `total_items` int(10) DEFAULT NULL,
  `payment_method` int(11) DEFAULT '1',
  `delivery_data` text,
  `delivered_date` datetime DEFAULT NULL,
  `finish_date` datetime DEFAULT NULL
) ENGINE=InnoDB DEFAULT CHARSET=utf8mb4;

--
-- Dumping data for table `orders`
--

INSERT INTO `orders` (`id`, `user_id`, `coupon_id`, `order_number`, `order_status`, `order_date`, `total_price`, `total_items`, `payment_method`, `delivery_data`, `delivered_date`, `finish_date`) VALUES
(1, 13, NULL, 'JSU6722113451', '4', '2022-07-06 10:41:46', '20000.00', 1, 1, '{\"customer\":{\"name\":\"gugun mulyana\",\"phone_number\":\"082125587552\",\"address\":\"Serang\"},\"note\":\"\"}', NULL, NULL),
(2, 13, NULL, 'XIT6722113815', '3', '2022-07-06 12:42:18', '75000.00', 1, 2, '{\"customer\":{\"name\":\"gugun mulyana\",\"phone_number\":\"082125587552\",\"address\":\"Serang\"},\"note\":\"\"}', NULL, NULL),
(3, 13, NULL, 'ATI9722113562', '4', '2022-07-09 15:15:44', '15000.00', 1, 1, '{\"customer\":{\"name\":\"gugun mulyana\",\"phone_number\":\"082125587552\",\"address\":\"Serang\"},\"note\":\"\"}', NULL, NULL),
(4, 16, NULL, 'LJS12722116748', '4', '2022-07-12 08:32:50', '40000.00', 1, 1, '{\"customer\":{\"name\":\"rifki ramadhan\",\"phone_number\":\"082125587554\",\"address\":\"rangkas\"},\"note\":\"\"}', NULL, NULL),
(5, 17, NULL, 'URU12722117057', '4', '2022-07-12 09:10:05', '220000.00', 1, 1, '{\"customer\":{\"name\":\"bagas saputro\",\"phone_number\":\"08112123132\",\"address\":\"Serang\"},\"note\":\"\"}', NULL, NULL),
(6, 13, NULL, 'DVZ12722113234', '1', '2022-07-12 10:44:16', '45000.00', 1, 1, '{\"customer\":{\"name\":\"gugun mulyana\",\"phone_number\":\"082125587552\",\"address\":\"serang\"},\"note\":\"\"}', NULL, NULL),
(7, 13, NULL, 'ZTJ12722113359', '2', '2022-07-12 10:46:25', '45000.00', 1, 1, '{\"customer\":{\"name\":\"gugun mulyana\",\"phone_number\":\"082125587552\",\"address\":\"Serang\"},\"note\":\"\"}', NULL, NULL);

-- --------------------------------------------------------

--
-- Table structure for table `order_item`
--

CREATE TABLE `order_item` (
  `id` bigint(20) NOT NULL,
  `order_id` bigint(20) DEFAULT NULL,
  `product_id` bigint(20) DEFAULT NULL,
  `order_qty` int(10) NOT NULL,
  `order_price` decimal(8,2) DEFAULT NULL
) ENGINE=InnoDB DEFAULT CHARSET=utf8mb4;

--
-- Dumping data for table `order_item`
--

INSERT INTO `order_item` (`id`, `order_id`, `product_id`, `order_qty`, `order_price`) VALUES
(5, 5, 2, 1, '31000.00'),
(6, 5, 13, 12, '20000.00'),
(7, 6, 9, 10, '35000.00'),
(8, 7, 10, 1, '12000.00'),
(9, 7, 9, 1, '35000.00'),
(10, 7, 2, 1, '31000.00'),
(11, 8, 9, 1, '35000.00'),
(12, 8, 1, 5, '65000.00'),
(14, 12, 2, 1, '13000.00'),
(15, 13, 5, 3, '10000.00'),
(16, 14, 1, 3, '20000.00'),
(17, 1, 10, 1, '15000.00'),
(18, 2, 11, 3, '25000.00'),
(19, 3, 16, 1, '10000.00'),
(20, 4, 34, 1, '35000.00'),
(21, 5, 14, 1, '220000.00'),
(22, 6, 13, 1, '40000.00'),
(23, 7, 13, 1, '40000.00');

-- --------------------------------------------------------

--
-- Table structure for table `payments`
--

CREATE TABLE `payments` (
  `id` bigint(20) NOT NULL,
  `order_id` bigint(20) DEFAULT NULL,
  `payment_price` decimal(8,2) DEFAULT NULL,
  `payment_date` datetime NOT NULL,
  `picture_name` varchar(191) DEFAULT NULL,
  `payment_status` enum('1','2','3') DEFAULT '1',
  `confirmed_date` datetime DEFAULT NULL,
  `payment_data` text
) ENGINE=InnoDB DEFAULT CHARSET=utf8mb4;

--
-- Dumping data for table `payments`
--

INSERT INTO `payments` (`id`, `order_id`, `payment_price`, `payment_date`, `picture_name`, `payment_status`, `confirmed_date`, `payment_data`) VALUES
(10, 3, '15000.00', '2022-07-09 15:16:25', '347759_f45c5429-f072-4809-b472-669243e68bfc1.jpg', '2', NULL, '{\"transfer_to\":\"bca\",\"source\":{\"bank\":\"bca\",\"name\":\"gugun\",\"number\":\"1223456789\"}}'),
(11, 5, '220000.00', '2022-07-12 09:11:40', 'IMG_20181120_064248_565.jpg', '2', NULL, '{\"transfer_to\":\"bca\",\"source\":{\"bank\":\"bca\",\"name\":\"bagas\",\"number\":\"1223456789\"}}'),
(12, 7, '45000.00', '2022-07-12 10:50:52', 'IMG_20181120_064248_5651.jpg', '1', NULL, '{\"transfer_to\":\"bca\",\"source\":{\"bank\":\"gugun\",\"name\":\"gugun mulyana\",\"number\":\"12314123112311\"}}');

-- --------------------------------------------------------

--
-- Table structure for table `products`
--

CREATE TABLE `products` (
  `id` bigint(20) NOT NULL,
  `category_id` int(10) DEFAULT NULL,
  `sku` varchar(32) DEFAULT NULL,
  `name` varchar(191) NOT NULL,
  `description` varchar(191) DEFAULT NULL,
  `picture_name` varchar(191) DEFAULT NULL,
  `price` decimal(8,2) NOT NULL,
  `current_discount` decimal(8,2) DEFAULT '0.00',
  `stock` int(10) NOT NULL,
  `product_unit` varchar(32) DEFAULT NULL,
  `is_available` tinyint(1) DEFAULT '1',
  `add_date` datetime DEFAULT NULL
) ENGINE=InnoDB DEFAULT CHARSET=utf8mb4;

--
-- Dumping data for table `products`
--

INSERT INTO `products` (`id`, `category_id`, `sku`, `name`, `description`, `picture_name`, `price`, `current_discount`, `stock`, `product_unit`, `is_available`, `add_date`) VALUES
(10, 2, 'AMXA410449', 'Permen Jahe Aren', NULL, '270197548_1767788673427653_1473040510019386720_n-removebg-preview.png', '15000.00', '0.00', 10, '60 gram', 1, '2022-04-10 01:04:09'),
(11, 2, 'AR1A320511', 'Lemon Jahe Aren', NULL, '221977744_245165900542551_6433479838411638569_n.jpg', '25000.00', '0.00', 20, '150 gram', 1, '2022-04-10 01:05:11'),
(13, 9, 'SWWWBBBLB410156', 'Sandal Widfel Wedges', NULL, 'sasd.jpg', '40000.00', '0.00', 10, 'SEPASANG', 1, '2022-07-02 05:39:16'),
(14, 9, 'TB9-1B210314', 'Tasbih bambu 99 - 10', NULL, '99eaefec-90ba-4c23-8293-9d77275fb5b2.jpg', '220000.00', '0.00', 10, '5gr', 1, '2022-07-02 05:58:34'),
(15, 2, 'RRCGTVKRJNM110233', 'Rengginang Rasa Coklat Green tea vanila keju rengginang jaman now', NULL, 'Untitled.png', '15000.00', '0.00', 10, '100gr', 1, '2022-07-07 05:07:13'),
(16, 2, 'MRMMPP1SSM1100338', 'MARKONAH RASA MURAH MARKONAH PETOT POUCH 130gr STAR SELLER', NULL, 'addas.png', '10000.00', '0.00', 100, '130gr', 1, '2022-07-07 05:08:58'),
(17, 2, 'MRM(PSSM7100525', 'MAKARONI RASA MURAH (MARKONAH PETOT) STAR SELLER', NULL, 'addas1.png', '7000.00', '0.00', 100, '50gr', 1, '2022-07-07 05:12:05'),
(18, 2, 'SF(BSTDKLM2100672', 'Share:   Favorit (74) Bandeng Segar Tanpa Duri Khas Lebak', NULL, 'addas5.png', '22000.00', '0.00', 100, '1', 1, '2022-07-07 05:14:32'),
(19, 9, 'TKBSDKALBB5200109', 'Tas Koja Baduy Sedang dan Kecil Asli Lebak Banten', NULL, 'addas3.png', '55000.00', '0.00', 200, '1', 1, '2022-07-07 05:21:49'),
(20, 2, 'KH~KM1300391', 'Kopi Hitam ~ Kupu-Kupu', NULL, 'addas4.png', '11000.00', '0.00', 300, '1', 1, '2022-07-07 05:26:31'),
(21, 2, '[LGSASM3100629', '[Kawung Lebak] Gula Semut Aren Stik', NULL, 'addas2.png', '38000.00', '0.00', 100, '50pcs', 1, '2022-07-07 05:30:29'),
(22, 2, 'KP1GCM1300826', 'Keripik Pisang 150 gr Coklat', NULL, 'addas6.png', '15000.00', '0.00', 300, '150gr', 1, '2022-07-07 05:33:46'),
(23, 2, 'GAGALBM11242', 'GULA AREN GRADE. A LEBAK BANTEN', NULL, 'addas7.png', '12000.00', '0.00', 50, ' -1', 1, '2022-07-07 05:40:42'),
(24, 2, 'KP1GCM120475', 'Keripik Pisang 100 gr Coklat', NULL, 'addas8.png', '10000.00', '0.00', 20, '1', 1, '2022-07-07 05:44:35'),
(25, 2, 'KCKK|KLBM120710', 'KOPI CAP KUPU KUPU | KHAS LEBAK BANTEN', NULL, 'addas9.png', '15000.00', '0.00', 20, '1', 1, '2022-07-07 05:48:30'),
(26, 9, 'LDKLB1100189', 'LOGO DINAS KABUPATEN LEBAK', NULL, 'addas10.png', '15000.00', '0.00', 100, '-', 1, '2022-07-07 05:56:29'),
(27, 2, 'BITH\"B(BM4100366', 'BASO IKAN TONGKOL HITS \"KHAS BINUANGEUN\" (LEBAK, BANTEN)', NULL, 'addas11.png', '40000.00', '0.00', 100, '-', 1, '2022-07-07 05:59:26'),
(28, 2, 'EMSM1100542', 'EMPING MENTAH SUPER', NULL, 'addas12.png', '15000.00', '0.00', 100, '-', 1, '2022-07-07 06:02:22'),
(29, 2, 'KAM2100760', 'KOPI AREN', NULL, 'addas13.png', '25000.00', '0.00', 100, '150 gram', 1, '2022-07-07 06:06:00'),
(30, 9, 'BLCSPL1100833', 'BATIK LEBAK Caruluk Saruntuy Pemda Lebak', NULL, 'addas14.png', '165.00', '0.00', 100, '-', 1, '2022-07-07 06:07:13'),
(31, 9, 'BKBBBLMTKB9100411', 'Bahan Kain BATIK BADUY BANTEN Lebak Motif Tapak Kebo', NULL, 'addas15.png', '95000.00', '0.00', 100, '-', 1, '2022-07-07 06:16:51'),
(32, 2, 'CKPSPI1SKKRLBM5100497', 'coffee kopi Per Setengah PAk isi 10 sachet Kupu-kupu khas Rangkasbitung Lebak Banten', NULL, 'addas16.png', '5500.00', '0.00', 100, '-', 1, '2022-07-07 06:18:17'),
(33, 2, 'LAM1100592', 'LEMON Aren', NULL, 'addas17.png', '15000.00', '0.00', 100, '-', 1, '2022-07-07 06:19:52'),
(34, 9, 'BKBLBB3100677', 'belangkon khas batik lebak banten', NULL, 'addas18.png', '35000.00', '0.00', 100, '-', 1, '2022-07-07 06:21:17'),
(35, 2, 'GSO1KM2100813', 'Gula Semut Organik 1 kg', NULL, 'addas19.png', '28000.00', '0.00', 100, '-', 1, '2022-07-07 06:23:33'),
(36, 2, 'GSAALBM2100001', 'Gula semut aren asli lebak banten', NULL, 'addas20.png', '21000.00', '0.00', 100, '-', 1, '2022-07-07 06:26:41'),
(37, 9, 'GKBPKGKLBB1100200', 'golok kidul baja per khas gunung kencana lebak banten', NULL, 'addas21.png', '185.00', '0.00', 100, '1', 1, '2022-07-07 06:30:00'),
(38, 2, '3PGJMB-B2-MO-GA+JM-BABLBM1100298', '3 Pcs Gula Jahe Merah Baduy - Bandrek 250gr - Minuman Organik - Gula Aren + Jahe Merah - Bandrek Asli Baduy Lebak Banten', NULL, 'addas22.png', '103000.00', '0.00', 100, '-', 1, '2022-07-07 06:31:38'),
(39, 9, 'KBTKSLBIKSBRKB6100392', 'KAOS BAJU TSHIRT KEREN SANTRI LEBAK BANTEN INDONESIA# KAOS SANTRI BEBAS REQUEST KOTAMU', NULL, 'addas23.png', '65000.00', '0.00', 100, '-', 1, '2022-07-07 06:33:12'),
(40, 2, 'SJMNAM3100495', 'SIRUP JAHE MERAH NIRA AREN', NULL, 'addas24.png', '30000.00', '0.00', 100, '300ml', 1, '2022-07-07 06:34:55'),
(41, 2, 'GACOE1MNAM3100610', 'Gula Aren Cair Organik Enau 100% Murni Nira Aren', NULL, 'addas25.png', '39000.00', '0.00', 100, '-', 1, '2022-07-07 06:36:50'),
(42, 2, 'KBCKKLB6GSM1100691', 'Kopi BUBUK cap KUPU-KUPU khas lebak banten 65 gr satuan/eceran', NULL, 'addas26.png', '12500.00', '0.00', 100, '-', 1, '2022-07-07 06:38:11'),
(43, 2, 'OKP|OG|OM|KMLBM2100771', 'Opak Ketan Panggang | Opak Gurih | Opak Manis | Khas Malingping Lebak Banten', NULL, 'addas27.png', '2500.00', '0.00', 100, '-', 1, '2022-07-07 06:39:31'),
(44, 9, 'BLI\"SB1100896', 'Batik Lebak III \"TWIN SHOP\"', NULL, 'addas28.png', '150000.00', '0.00', 100, '-', 1, '2022-07-07 06:41:36'),
(45, 2, 'GJKMLM5100979', 'GULA JAHE Khas Malingping Lebak', NULL, 'addas29.png', '5000.00', '0.00', 100, '-', 1, '2022-07-07 06:42:59'),
(46, 2, 'OKOOKLBM2100076', 'Opak ketan oleh oleh khas lebak baten', NULL, 'addas30.png', '25000.00', '0.00', 100, '-', 1, '2022-07-07 06:44:36'),
(47, 2, 'RP(SBKRLBM5100142', 'Rasa Pedas (2tusuk) Sate Bandeng Khas Rangkasbitung Lebak Banten', NULL, 'addas31.png', '56000.00', '0.00', 100, '-', 1, '2022-07-07 06:45:42'),
(48, 9, 'TKBRALBB5100243', 'Tas Koja Baduy Rotan Asli Lebak Banten', NULL, 'addas32.png', '50000.00', '0.00', 100, '-', 1, '2022-07-07 06:47:23'),
(49, 2, 'KKSO&PPMPPLBMM1100296', 'Kripik keripik singkong original & pedas pedes manis padang produksi lebak banten murah', NULL, 'addas33.png', '15000.00', '0.00', 100, '-', 1, '2022-07-07 06:48:16'),
(50, 9, 'ALRBKBLMSB1100385', 'Asli Lebak Rangkasbitung Banten KAIN BATIK LEBAK MOTIF SAWARNA', NULL, 'addas34.png', '187500.00', '0.00', 100, '-', 1, '2022-07-07 06:49:45'),
(51, 9, 'ALRBKBLB1100487', 'Asli Lebak Rangkasbitung Banten KAIN BATIK LEBAK', NULL, 'addas35.png', '187000.00', '0.00', 100, '-', 1, '2022-07-07 06:51:27'),
(52, 2, 'SPBTKLSL&M(M2100671', 'Sale Pisang Basah termurah khas Lebak Super Legit & manis (1kg)', NULL, 'addas36.png', '23000.00', '0.00', 100, '-', 1, '2022-07-07 06:54:31'),
(53, 9, 'KSPWILMUHGB8100845', 'Kaos Sablon Printing Wonderful Indonesia Lebak Murah Unik Harga Grosir', NULL, 'addas37.png', '83000.00', '0.00', 100, '-', 1, '2022-07-07 06:57:25'),
(54, 2, 'ABSM3100312', 'Andhika beef special', NULL, 'Untitled1.png', '30000.00', '0.00', 100, '1', 1, '2022-07-07 16:31:52'),
(55, 2, 'EHM2100376', 'Ebi Hanamaki', NULL, 'Untitled2.png', '22000.00', '0.00', 100, '1', 1, '2022-07-07 16:32:56'),
(56, 2, 'ERM2100422', 'Ebi roll', NULL, 'Untitled3.png', '22000.00', '0.00', 100, '1', 1, '2022-07-07 16:33:42'),
(57, 2, 'CCM2100475', 'Crunchy Crunch', NULL, 'Untitled4.png', '22000.00', '0.00', 100, '-', 1, '2022-07-07 16:34:35'),
(58, 0, 'F2100521', 'Fujiyama', NULL, 'Untitled5.png', '25000.00', '0.00', 100, '1', 1, '2022-07-07 16:35:21'),
(59, 2, 'JM1100564', 'Jikoyu', NULL, 'Untitled6.png', '18000.00', '0.00', 100, '1', 1, '2022-07-07 16:36:04'),
(60, 2, 'BM1100603', 'Batsu', NULL, 'Untitled7.png', '18000.00', '0.00', 100, '1', 1, '2022-07-07 16:36:43'),
(61, 2, 'ACM1100686', 'Avocado Coffe', NULL, 'Untitled8.png', '12000.00', '0.00', 100, '1', 1, '2022-07-07 16:38:06'),
(62, 2, 'PGAALM2100232', 'PROMO GULA AREN ASLI LEBAK', NULL, 'Untitled9.png', '20000.00', '0.00', 100, '1', 1, '2022-07-07 16:47:12'),
(63, 0, 'BMOBLB2100307', 'Beras Merah Organik BerKualitas Lebak Banten', NULL, 'Untitled10.png', '20000.00', '0.00', 100, '1', 1, '2022-07-07 16:48:27'),
(64, 9, 'BTHAALSB3120416', 'Batu Templek Hitam/Batu alam Asli Lebak Selatan', NULL, 'Untitled11.png', '35000.00', '0.00', 120, '1', 1, '2022-07-07 16:50:16'),
(65, 2, 'EMKLM5100466', 'Emping Melinjo Khas Lebak', NULL, 'Untitled12.png', '50000.00', '0.00', 100, '500g', 1, '2022-07-07 16:51:06'),
(66, 9, 'PKLB4100520', 'PETA KABUPATEN LEBAK', NULL, 'Untitled13.png', '40000.00', '0.00', 100, '1', 1, '2022-07-07 16:52:00'),
(68, 2, 'OSLLM1M1100883', 'opak singkong luhurjaya lebak mentah 100pcs', NULL, 'Untitled15.png', '18000.00', '0.00', 100, '-', 1, '2022-07-07 16:58:03'),
(69, 2, 'GBSA1LB5G-GANM4100026', 'GULA BUBUK SEMUT ALAMI 100% LEBAK BANTEN 500 Gram - Gula Aren Nira', NULL, 'Untitled16.png', '48000.00', '0.00', 100, '1', 1, '2022-07-07 17:00:26'),
(70, 9, 'KBLOC3-HMB6100095', 'Kaos Baduy Lebak Original Combed 30s - Hijau muda', NULL, 'Untitled17.png', '65000.00', '0.00', 100, '-', 1, '2022-07-07 17:01:35'),
(71, 9, 'LMLSUB5100157', 'loyang martabak lebak siuw uk.28', NULL, 'Untitled18.png', '500000.00', '0.00', 100, '-', 1, '2022-07-07 17:02:37'),
(72, 9, 'GKGOOSKSBLBB1100688', 'Gantungan Kunci Ganci Oleh Oleh Souvenir Khas Suku Baduy Lebak Banten', NULL, 'Untitled19.png', '10000.00', '0.00', 100, '1', 1, '2022-07-07 17:11:28'),
(73, 9, 'KPDTPALI|RB7100754', 'KAOS PREMIUM DESAIN TULISAN PLAT A LEBAK INDONESIA || RMO2', NULL, 'Untitled24.png', '75000.00', '0.00', 100, '1', 1, '2022-07-07 17:12:34'),
(74, 2, 'PSR4GAGA1M1100810', 'Palm Sugar Ricoman 400g Grade A Gula Aren 100%', NULL, 'Untitled21.png', '15000.00', '0.00', 100, '-', 1, '2022-07-07 17:13:30'),
(75, 2, 'GASSO1GM1100876', 'GULA AREN SACHET STICK ORGANIK 10 GRAM', NULL, 'Untitled22.png', '1000.00', '0.00', 100, '-', 1, '2022-07-07 17:14:36'),
(77, 2, 'LM5100230', 'Leumeng', NULL, 'Untitled20.png', '5000.00', '0.00', 100, '1', 1, '2022-07-07 17:20:30'),
(78, 2, 'KPM2100328', 'Kue Pasung', NULL, 'Untitled25.png', '2000.00', '0.00', 100, '1', 1, '2022-07-07 17:22:08'),
(79, 2, 'GM3100374', 'Gipang', NULL, 'Untitled26.png', '3000.00', '0.00', 100, '-', 1, '2022-07-07 17:22:54'),
(80, 2, 'KM220417', 'keceprek', NULL, 'Untitled27.png', '2000.00', '0.00', 20, '-', 1, '2022-07-07 17:23:37'),
(81, 9, 'TBB4100500', 'Tas Baduy', NULL, 'Untitled28.png', '40000.00', '0.00', 100, '-', 1, '2022-07-07 17:25:00'),
(82, 2, 'BIMM1100542', 'Baso Ikan malimping', NULL, 'Untitled29.png', '15000.00', '0.00', 100, '-', 1, '2022-07-07 17:25:42'),
(83, 2, 'ALM2200594', 'Angeun Lada', NULL, 'Untitled30.png', '20000.00', '0.00', 200, '1', 1, '2022-07-07 17:26:34'),
(84, 2, 'LM110657', 'Leupet', NULL, 'Untitled31.png', '10000.00', '0.00', 10, '-', 1, '2022-07-07 17:27:37'),
(85, 2, 'KCM5100705', 'Kue cucur', NULL, 'Untitled32.png', '5000.00', '0.00', 100, '-', 1, '2022-07-07 17:28:25'),
(86, 2, 'KJM2100752', 'Kue jojorong', NULL, 'Untitled33.png', '2000.00', '0.00', 100, '1', 1, '2022-07-07 17:29:12'),
(87, 2, 'RM1100792', 'Rengginang', NULL, 'Untitled34.png', '15000.00', '0.00', 100, '1', 1, '2022-07-07 17:29:52'),
(88, 2, 'KAM2200961', 'Kue apem', NULL, 'Untitled23.png', '2000.00', '0.00', 200, '1', 1, '2022-07-07 17:32:41'),
(89, 2, 'SBM1100018', 'sambel burog', NULL, 'Untitled35.png', '15000.00', '0.00', 100, '-', 1, '2022-07-07 17:33:38'),
(90, 2, 'NBM110064', 'nasi belut', NULL, 'Untitled36.png', '10000.00', '0.00', 10, '1', 1, '2022-07-07 17:34:24'),
(91, 2, 'SBM1100114', 'sayur besan', NULL, 'Untitled37.png', '15000.00', '0.00', 100, '1', 1, '2022-07-07 17:35:14'),
(92, 9, 'MTBB210255', 'Meja taman besi', NULL, 'Untitled38.png', '999999.99', '0.00', 10, '-', 1, '2022-07-07 17:37:35'),
(93, 9, 'MMKJBCMYATPKB510311', 'meja makan kayu jati belanda cuma meja ya aja tidak pake kursi', NULL, 'Untitled39.png', '999999.99', '0.00', 10, '1', 1, '2022-07-07 17:38:31'),
(94, 9, 'KKBSB410376', 'kursi kafe/kursi bar/kursi santai', NULL, 'Untitled40.png', '45000.00', '0.00', 10, '1', 1, '2022-07-07 17:39:35'),
(95, 9, 'KBKUB410429', 'kursi balok kayu utuh', NULL, 'Untitled41.png', '45000.00', '0.00', 10, '1', 1, '2022-07-07 17:40:29'),
(96, 9, 'CTMB110503', 'coffe table/meja minimalis', NULL, 'Untitled42.png', '999999.99', '0.00', 10, '1', 1, '2022-07-07 17:41:43'),
(97, 9, 'MTMBB310550', 'meja tamu/meja makan/meja bar', NULL, 'Untitled43.png', '999999.99', '0.00', 10, '1', 1, '2022-07-07 17:42:30'),
(98, 9, 'KB410707', 'kalimaya', NULL, 'Untitled44.png', '40000.00', '0.00', 10, '1', 1, '2022-07-07 17:45:07'),
(100, 2, 'MOBM410846', 'MADU ODENG BADUY', NULL, 'Untitled46.png', '40000.00', '0.00', 10, '-', 1, '2022-07-07 17:47:26'),
(101, 9, 'CPGLKBBPTB410954', 'COD pisau garpu lokal khas banten baja per tebal', NULL, 'Untitled47.png', '40000.00', '0.00', 10, '1', 1, '2022-07-07 17:49:14'),
(102, 9, 'BKSKBB520013', 'baja kikir super khas banten', NULL, 'Untitled48.png', '50000.00', '0.00', 20, '1', 1, '2022-07-07 17:50:13'),
(103, 9, 'SSNAAVAOGA1HPSB110083', 'Saffron Super Negin Asli Anti virus anti oksidan Grade A/ 10 Helai Putik Safron', NULL, 'Untitled49.png', '15000.00', '0.00', 10, '1', 1, '2022-07-07 17:51:23'),
(104, 2, 'JGA2G/JMBGA/MMM120149', 'JAHE GULA AREN 250 GRAM / Jahe Merah Bubuk Gula Aren / Mpon Mpon', NULL, 'Untitled50.png', '15000.00', '0.00', 20, '1', 1, '2022-07-07 17:52:29'),
(105, 2, 'GH1G/GHO/GHAOM320244', 'Garam Himalaya 100 gram / Garam Himalaya Original / Garam Himalaya Asli Original', NULL, 'Untitled51.png', '3800.00', '0.00', 20, '-', 1, '2022-07-07 17:54:04'),
(106, 2, 'DJCC1G/KTM4300305', 'Daun Jati Cina Curah 100 gram / Kwalitas Terbaik', NULL, 'Untitled52.png', '4500.00', '0.00', 300, '1', 1, '2022-07-07 17:55:05'),
(107, 2, 'BDK5GM2100352', 'Bubuk Daun Kelor 500 gram', NULL, 'Untitled53.png', '23000.00', '0.00', 100, '1', 1, '2022-07-07 17:55:51'),
(108, 2, 'MHS5GMM6100407', 'Madu Hutan SQ 500 gram Multiflora', NULL, 'Untitled54.png', '65000.00', '0.00', 100, '-', 1, '2022-07-07 17:56:47'),
(109, 2, 'OEVC3MM220460', 'Organic Extra Virgin Coconut 30 ml', NULL, 'Untitled55.png', '25000.00', '0.00', 20, '1', 1, '2022-07-07 17:57:40'),
(110, 9, 'TKBD/UBB2100648', 'tas kepek Baduy dalam / ukuran besar', NULL, 'Untitled56.png', '200000.00', '0.00', 100, '-', 1, '2022-07-07 18:00:48'),
(111, 9, 'ITB/KKTASBB310682', 'iket tenun Baduy /iket kepala kain tenun asli suku Baduy', NULL, 'Untitled57.png', '34000.00', '0.00', 10, '1', 1, '2022-07-07 18:01:22'),
(112, 9, 'GB/GWSBB199726', 'gelang baduy / gelang wotan suku Baduy', NULL, 'Untitled58.png', '11000.00', '0.00', 99, '-', 1, '2022-07-07 18:02:06'),
(113, 9, 'BAB/BPSBB110769', 'baju adat Baduy / baju pangsi suku Baduy', NULL, 'Untitled59.png', '135000.00', '0.00', 10, '1', 1, '2022-07-07 18:02:49'),
(114, 9, 'KB.KLBDPSBB820830', 'kaos Baduy . kaos leuit Baduy dan pribahasa suku baduy', NULL, 'Untitled60.png', '85000.00', '0.00', 20, '-', 1, '2022-07-07 18:03:50'),
(115, 9, 'STB(TSBB699888', 'syall tenun Baduy (kain tenun suku Baduy)', NULL, 'Untitled61.png', '65000.00', '0.00', 99, '-', 1, '2022-07-07 18:04:48'),
(116, 9, 'PWASBB1100951', 'pisau wayang arimbi suku Baduy', NULL, 'Untitled62.png', '169000.00', '0.00', 100, '1', 1, '2022-07-07 18:05:51'),
(117, 9, 'GBB.BMBKLBB1160000072', 'gamis batik Baduy . baju muslim batik khas Lebak Banten', NULL, 'Untitled63.png', '160000.00', '0.00', 160000, '1', 1, '2022-07-07 18:07:52');

-- --------------------------------------------------------

--
-- Table structure for table `product_category`
--

CREATE TABLE `product_category` (
  `id` int(10) NOT NULL,
  `name` varchar(191) NOT NULL
) ENGINE=InnoDB DEFAULT CHARSET=utf8mb4;

--
-- Dumping data for table `product_category`
--

INSERT INTO `product_category` (`id`, `name`) VALUES
(2, 'Makanan'),
(9, 'Barang');

-- --------------------------------------------------------

--
-- Table structure for table `reviews`
--

CREATE TABLE `reviews` (
  `id` bigint(20) NOT NULL,
  `user_id` bigint(20) UNSIGNED DEFAULT NULL,
  `order_id` bigint(20) DEFAULT NULL,
  `title` varchar(191) DEFAULT NULL,
  `review_text` mediumtext NOT NULL,
  `review_date` datetime NOT NULL,
  `status` tinyint(1) NOT NULL DEFAULT '1'
) ENGINE=InnoDB DEFAULT CHARSET=utf8mb4;

--
-- Dumping data for table `reviews`
--

INSERT INTO `reviews` (`id`, `user_id`, `order_id`, `title`, `review_text`, `review_date`, `status`) VALUES
(8, 13, 3, 'Produk', 'Enak dan Gurihhhhhh', '2022-07-09 15:18:49', 1);

-- --------------------------------------------------------

--
-- Table structure for table `roles`
--

CREATE TABLE `roles` (
  `id` int(10) NOT NULL,
  `role_name` varchar(191) NOT NULL
) ENGINE=InnoDB DEFAULT CHARSET=utf8mb4;

--
-- Dumping data for table `roles`
--

INSERT INTO `roles` (`id`, `role_name`) VALUES
(1, 'Admin'),
(2, 'Customer');

-- --------------------------------------------------------

--
-- Table structure for table `settings`
--

CREATE TABLE `settings` (
  `id` int(10) NOT NULL,
  `key` varchar(32) NOT NULL,
  `content` varchar(191) NOT NULL
) ENGINE=InnoDB DEFAULT CHARSET=utf8mb4;

--
-- Dumping data for table `settings`
--

INSERT INTO `settings` (`id`, `key`, `content`) VALUES
(1, 'current_theme_name', 'vegefoods'),
(2, 'store_name', 'Lebak Unique Shop'),
(3, 'store_phone_number', ''),
(4, 'store_email', ''),
(5, 'store_tagline', ''),
(6, 'store_logo', 'Logo.png'),
(7, 'max_product_image_size', '20000'),
(8, 'store_description', ''),
(9, 'store_address', ''),
(10, 'min_shop_to_free_shipping_cost', '100000'),
(11, 'shipping_cost', '5000'),
(12, 'payment_banks', '{\"mandiri\":{\"bank\":\"Mandiri\",\"number\":\"1234567890\",\"name\":\"gugun\"},\"bca\":{\"bank\":\"BCA\",\"number\":\"0987654321\",\"name\":\"Lebak Ekonomi Kreatif\"}}');

-- --------------------------------------------------------

--
-- Table structure for table `users`
--

CREATE TABLE `users` (
  `id` bigint(20) UNSIGNED NOT NULL,
  `name` varchar(50) COLLATE utf8mb4_unicode_ci DEFAULT NULL,
  `email` varchar(191) COLLATE utf8mb4_unicode_ci NOT NULL,
  `email_verified_at` timestamp NULL DEFAULT NULL,
  `username` varchar(16) COLLATE utf8mb4_unicode_ci NOT NULL,
  `password` varchar(191) COLLATE utf8mb4_unicode_ci NOT NULL,
  `profile_picture` varchar(128) COLLATE utf8mb4_unicode_ci DEFAULT NULL,
  `role_id` int(10) DEFAULT '0',
  `register_date` datetime DEFAULT NULL
) ENGINE=InnoDB DEFAULT CHARSET=utf8mb4 COLLATE=utf8mb4_unicode_ci;

--
-- Dumping data for table `users`
--

INSERT INTO `users` (`id`, `name`, `email`, `email_verified_at`, `username`, `password`, `profile_picture`, `role_id`, `register_date`) VALUES
(7, 'ADMIN', 'admin@gmail.com', NULL, 'admin', '$2y$10$bOEcDKnmkPiGPX9hN3nT6uNZPSgBDC8pssLaUTGMQ4ZCRPn2ueUHa', '0919f092a8487492631bc84b592a4b0a_icon-wajah1.png', 1, '2020-03-29 08:14:30'),
(13, NULL, 'gugun@gmail.com', NULL, 'gugun', '$2y$10$11SuHzaNHUoilI6ROy71nuF5RWCVgIbM1P4AYl/Tf4mUk6mGiIFb.', NULL, 2, '2022-07-02 06:04:44'),
(14, NULL, 'rohmat123@gmail.com', NULL, 'rohmat', '$2y$10$ex7b9QHAnDiau9j83zHJI.j8rc55mX9BZcWwSHX2M.iLVQwSanr9u', NULL, 2, '2022-07-07 05:23:49'),
(15, NULL, 'gusti@gmail.com', NULL, 'gusti', '$2y$10$29x.b1jgsyS6ruUTZeXs/OsJNzrueVpv38lercDMV6/vK86VIvDgG', NULL, 2, '2022-07-07 05:52:57'),
(16, NULL, 'rifki12@gmaail.com', NULL, 'rifki', '$2y$10$OssgVVd93ndj06LE6SeaN.pZjMfAJbggpS63/IeKCbNpxeqvP2L/u', NULL, 2, '2022-07-12 08:31:35'),
(17, NULL, 'bagas@gmail.com', NULL, 'bagas', '$2y$10$ZiqSo4U9zMYN0i.HatnyJuuKB96O4y5pIcp7q8H3HNmkWQpAHeFpe', NULL, 2, '2022-07-12 09:09:19'),
(18, NULL, 'gugunbo@gmail.com', NULL, 'gugun123', '$2y$10$QE/STBtTw9vFAhqFtwtwiukhDrMHFXk/EZQtchXf9Qz9ovDRS.S9O', NULL, 2, '2022-07-29 15:51:11'),
(19, NULL, 'ismail7@gmail.com', NULL, 'ismail22', '$2y$10$5yv8bsGkOLOS75BkdA8ew.MR4Qq0pK/J8ccyo4lOJ2AK1evtiF.Vy', NULL, 2, '2022-08-05 15:00:27');

--
-- Indexes for dumped tables
--

--
-- Indexes for table `ci_sessions`
--
ALTER TABLE `ci_sessions`
  ADD KEY `ci_sessions_timestamp` (`timestamp`);

--
-- Indexes for table `contacts`
--
ALTER TABLE `contacts`
  ADD PRIMARY KEY (`id`),
  ADD KEY `FK_contacts_contacts` (`parent_id`);

--
-- Indexes for table `coupons`
--
ALTER TABLE `coupons`
  ADD PRIMARY KEY (`id`);

--
-- Indexes for table `customers`
--
ALTER TABLE `customers`
  ADD PRIMARY KEY (`id`),
  ADD KEY `FK_customers_users` (`user_id`);

--
-- Indexes for table `orders`
--
ALTER TABLE `orders`
  ADD PRIMARY KEY (`id`),
  ADD KEY `FK_orders_users` (`user_id`),
  ADD KEY `FK_orders_coupons` (`coupon_id`);

--
-- Indexes for table `order_item`
--
ALTER TABLE `order_item`
  ADD PRIMARY KEY (`id`),
  ADD KEY `order_id` (`order_id`),
  ADD KEY `product_id` (`product_id`);

--
-- Indexes for table `payments`
--
ALTER TABLE `payments`
  ADD PRIMARY KEY (`id`),
  ADD KEY `order_id` (`order_id`);

--
-- Indexes for table `products`
--
ALTER TABLE `products`
  ADD PRIMARY KEY (`id`),
  ADD KEY `FK_products_product_category` (`category_id`);

--
-- Indexes for table `product_category`
--
ALTER TABLE `product_category`
  ADD PRIMARY KEY (`id`);

--
-- Indexes for table `reviews`
--
ALTER TABLE `reviews`
  ADD PRIMARY KEY (`id`),
  ADD KEY `FK_reviews_users` (`user_id`),
  ADD KEY `FK_reviews_orders` (`order_id`);

--
-- Indexes for table `roles`
--
ALTER TABLE `roles`
  ADD PRIMARY KEY (`id`);

--
-- Indexes for table `settings`
--
ALTER TABLE `settings`
  ADD PRIMARY KEY (`id`) USING BTREE;

--
-- Indexes for table `users`
--
ALTER TABLE `users`
  ADD PRIMARY KEY (`id`) USING BTREE,
  ADD UNIQUE KEY `users_email_unique` (`email`) USING BTREE,
  ADD KEY `role_id` (`role_id`);

--
-- AUTO_INCREMENT for dumped tables
--

--
-- AUTO_INCREMENT for table `contacts`
--
ALTER TABLE `contacts`
  MODIFY `id` int(10) NOT NULL AUTO_INCREMENT, AUTO_INCREMENT=2;

--
-- AUTO_INCREMENT for table `coupons`
--
ALTER TABLE `coupons`
  MODIFY `id` bigint(20) NOT NULL AUTO_INCREMENT, AUTO_INCREMENT=2;

--
-- AUTO_INCREMENT for table `customers`
--
ALTER TABLE `customers`
  MODIFY `id` bigint(20) NOT NULL AUTO_INCREMENT, AUTO_INCREMENT=18;

--
-- AUTO_INCREMENT for table `orders`
--
ALTER TABLE `orders`
  MODIFY `id` bigint(20) NOT NULL AUTO_INCREMENT, AUTO_INCREMENT=8;

--
-- AUTO_INCREMENT for table `order_item`
--
ALTER TABLE `order_item`
  MODIFY `id` bigint(20) NOT NULL AUTO_INCREMENT, AUTO_INCREMENT=24;

--
-- AUTO_INCREMENT for table `payments`
--
ALTER TABLE `payments`
  MODIFY `id` bigint(20) NOT NULL AUTO_INCREMENT, AUTO_INCREMENT=13;

--
-- AUTO_INCREMENT for table `products`
--
ALTER TABLE `products`
  MODIFY `id` bigint(20) NOT NULL AUTO_INCREMENT, AUTO_INCREMENT=118;

--
-- AUTO_INCREMENT for table `product_category`
--
ALTER TABLE `product_category`
  MODIFY `id` int(10) NOT NULL AUTO_INCREMENT, AUTO_INCREMENT=10;

--
-- AUTO_INCREMENT for table `reviews`
--
ALTER TABLE `reviews`
  MODIFY `id` bigint(20) NOT NULL AUTO_INCREMENT, AUTO_INCREMENT=9;

--
-- AUTO_INCREMENT for table `roles`
--
ALTER TABLE `roles`
  MODIFY `id` int(10) NOT NULL AUTO_INCREMENT, AUTO_INCREMENT=3;

--
-- AUTO_INCREMENT for table `settings`
--
ALTER TABLE `settings`
  MODIFY `id` int(10) NOT NULL AUTO_INCREMENT, AUTO_INCREMENT=13;

--
-- AUTO_INCREMENT for table `users`
--
ALTER TABLE `users`
  MODIFY `id` bigint(20) UNSIGNED NOT NULL AUTO_INCREMENT, AUTO_INCREMENT=20;

--
-- Constraints for dumped tables
--

--
-- Constraints for table `contacts`
--
ALTER TABLE `contacts`
  ADD CONSTRAINT `FK_contacts_contacts` FOREIGN KEY (`parent_id`) REFERENCES `contacts` (`id`) ON DELETE CASCADE ON UPDATE NO ACTION;

--
-- Constraints for table `customers`
--
ALTER TABLE `customers`
  ADD CONSTRAINT `FK_customers_users` FOREIGN KEY (`user_id`) REFERENCES `users` (`id`) ON DELETE NO ACTION ON UPDATE CASCADE;

--
-- Constraints for table `orders`
--
ALTER TABLE `orders`
  ADD CONSTRAINT `FK_orders_coupons` FOREIGN KEY (`coupon_id`) REFERENCES `coupons` (`id`) ON DELETE SET NULL ON UPDATE CASCADE,
  ADD CONSTRAINT `FK_orders_users` FOREIGN KEY (`user_id`) REFERENCES `users` (`id`) ON DELETE NO ACTION ON UPDATE CASCADE;

--
-- Constraints for table `payments`
--
ALTER TABLE `payments`
  ADD CONSTRAINT `FK_payments_orders` FOREIGN KEY (`order_id`) REFERENCES `orders` (`id`) ON DELETE NO ACTION ON UPDATE NO ACTION;
COMMIT;

/*!40101 SET CHARACTER_SET_CLIENT=@OLD_CHARACTER_SET_CLIENT */;
/*!40101 SET CHARACTER_SET_RESULTS=@OLD_CHARACTER_SET_RESULTS */;
/*!40101 SET COLLATION_CONNECTION=@OLD_COLLATION_CONNECTION */;
